{
    "machine_id": "Laser Welding Machine 1",
    "month": "2024-08",
    "KPIs": {
        "average_cycle_time": {
            "average": 1.2473460692103207,
            "min": 0.0,
            "max": 6.609009809942725
        },
        "bad_cycles": {
            "average": 0.0,
            "min": 0.0,
            "max": 0.0
        },
        "consumption": {
            "average": 0.00023367744844077977,
            "min": 0.0,
            "max": 0.017301687396244
        },
        "consumption_idle": {
            "average": 0.00019999125022988426,
            "min": 0.0,
            "max": 0.001
        },
        "consumption_working": {
            "average": 0.00027082742096164544,
            "min": 0.0,
            "max": 0.0017248688016276137
        },
        "cost": {
            "average": 0.0003225806451612903,
            "min": 0.0,
            "max": 0.00769226785698128
        },
        "cost_idle": {
            "average": 0.004507665281082901,
            "min": 0.0,
            "max": 0.001
        },
        "cost_working": {
            "average": 0.0002984004700098836,
            "min": 0.0,
            "max": 0.001
        },
        "cycles": {
            "average": 0.2903225806451613,
            "min": 0.0,
            "max": 1472.0
        },
        "good_cycles": {
            "average": 273.741935483871,
            "min": 0.0,
            "max": 1472.0
        },
        "idle_time": {
            "average": 633.741935483871,
            "min": 0.0,
            "max": 8010.0
        },
        "offline_time": {
            "average": 150.41935483870967,
            "min": 0.0,
            "max": 1967.0
        },
        "power": {
            "average": 0.00021431671032127095,
            "min": 0.0,
            "max": 0.0030725813622990376
        },
        "working_time": {
            "average": 5727.193548387097,
            "min": 0.0,
            "max": 47808.0
        }
    }
}