{
    "machine_id": "Laser Welding Machine 1",
    "month": "2024-09",
    "KPIs": {
        "average_cycle_time": {
            "average": 51.16449605281441,
            "min": 0.0,
            "max": 887.7108040098685
        },
        "bad_cycles": {
            "average": 0.0,
            "min": 0.0,
            "max": 0.0
        },
        "consumption": {
            "average": 0.0007795589144970667,
            "min": 0.0,
            "max": 0.05037312753304378
        },
        "consumption_idle": {
            "average": 0.0005670972336847042,
            "min": 0.0,
            "max": 0.001
        },
        "consumption_working": {
            "average": 0.0008257147802768259,
            "min": 0.0,
            "max": 0.002368867217176851
        },
        "cost": {
            "average": 0.0007829397448987197,
            "min": 0.0,
            "max": 0.1340539760274208
        },
        "cost_idle": {
            "average": 0.005580492669792447,
            "min": 0.0,
            "max": 0.1340539760274208
        },
        "cost_working": {
            "average": 0.0007123935691644275,
            "min": 0.0,
            "max": 0.11922286048830882
        },
        "cycles": {
            "average": 0.7,
            "min": 0.0,
            "max": 1774.0
        },
        "good_cycles": {
            "average": 276.0,
            "min": 0.0,
            "max": 1774.0
        },
        "idle_time": {
            "average": 527.2333333333333,
            "min": 0.0,
            "max": 3785.0
        },
        "offline_time": {
            "average": 510.5,
            "min": 0.0,
            "max": 2239.0
        },
        "power": {
            "average": 0.0005768119131505381,
            "min": 0.0,
            "max": 0.004012439624745453
        },
        "working_time": {
            "average": 38240.36666666667,
            "min": 0.0,
            "max": 104333.0
        }
    }
}