{
    "machine_id": "Laser Welding Machine 1",
    "month": "2024-07",
    "KPIs": {
        "average_cycle_time": {
            "average": 0.0,
            "min": 0.0,
            "max": 0.0
        },
        "bad_cycles": {
            "average": 0.0,
            "min": 0.0,
            "max": 0.0
        },
        "consumption": {
            "average": 0.00040906439930005445,
            "min": 0.0,
            "max": 0.040734387108269404
        },
        "consumption_idle": {
            "average": 5.066701177957416e-05,
            "min": 0.0,
            "max": 0.0012423268146558837
        },
        "consumption_working": {
            "average": 0.0005798723746290999,
            "min": 0.0,
            "max": 0.0027942118744243008
        },
        "cost": {
            "average": 0.0008851143087435788,
            "min": 0.0,
            "max": 0.08176286920302474
        },
        "cost_idle": {
            "average": 0.0006549491263222143,
            "min": 0.0,
            "max": 0.08176286920302474
        },
        "cost_working": {
            "average": 0.004485616317932251,
            "min": 0.0,
            "max": 0.001173645544681964
        },
        "cycles": {
            "average": 0.6451612903225806,
            "min": 0.0,
            "max": 2874.0
        },
        "good_cycles": {
            "average": 363.06451612903226,
            "min": 0.0,
            "max": 2874.0
        },
        "idle_time": {
            "average": 0.0,
            "min": 0.0,
            "max": 0.0
        },
        "offline_time": {
            "average": 0.0,
            "min": 0.0,
            "max": 0.0
        },
        "power": {
            "average": 0.0005428099206864097,
            "min": 0.0,
            "max": 0.003586980457190912
        },
        "working_time": {
            "average": 0.0,
            "min": 0.0,
            "max": 0.0
        }
    }
}