{
    "machine_id": "Laser Welding Machine 1",
    "month": "2024-10",
    "KPIs": {
        "average_cycle_time": {
            "average": 279.9514894889987,
            "min": 0.0,
            "max": 2402.671781157253
        },
        "bad_cycles": {
            "average": 0.0,
            "min": 0.0,
            "max": 0.0
        },
        "consumption": {
            "average": 0.000821225310982267,
            "min": 0.0,
            "max": 0.04882886143320437
        },
        "consumption_idle": {
            "average": 0.0005796630184221901,
            "min": 0.0,
            "max": 0.001
        },
        "consumption_working": {
            "average": 0.0008622647480137608,
            "min": 0.0,
            "max": 0.001399032130806988
        },
        "cost": {
            "average": 0.0008947368421052633,
            "min": 0.0,
            "max": 0.09041012794132389
        },
        "cost_idle": {
            "average": 0.0007894736842105263,
            "min": 0.0,
            "max": 0.001
        },
        "cost_working": {
            "average": 0.0008947368421052633,
            "min": 0.0,
            "max": 0.09041012794132389
        },
        "cycles": {
            "average": 0.7894736842105263,
            "min": 0.0,
            "max": 1556.0
        },
        "good_cycles": {
            "average": 167.21052631578948,
            "min": 0.0,
            "max": 1556.0
        },
        "idle_time": {
            "average": 337.6842105263158,
            "min": 0.0,
            "max": 1231.0
        },
        "offline_time": {
            "average": 632.9473684210526,
            "min": 0.0,
            "max": 2026.0
        },
        "power": {
            "average": 0.0006507502851682313,
            "min": 0.0,
            "max": 0.002834603497907445
        },
        "working_time": {
            "average": 38054.42105263158,
            "min": 0.0,
            "max": 151477.0
        }
    }
}