{
    "machine_id": "Assembly Machine 2",
    "month": "2024-06",
    "KPIs": {
        "average_cycle_time": {
            "average": 0.0,
            "min": 0.0,
            "max": 0.0
        },
        "bad_cycles": {
            "average": 0.0,
            "min": 0.0,
            "max": 0.0
        },
        "consumption": {
            "average": 2.271777026778656e-06,
            "min": 0.0,
            "max": 0.00032322765052438516
        },
        "consumption_idle": {
            "average": 2.1432774588047796e-06,
            "min": 0.0,
            "max": 3.071017768500372e-05
        },
        "consumption_working": {
            "average": 7.018601195056549e-07,
            "min": 0.0,
            "max": 0.0001898280480686314
        },
        "cost": {
            "average": 3.381979034384769e-05,
            "min": 0.0,
            "max": 0.001
        },
        "cost_idle": {
            "average": 3.381979034384769e-05,
            "min": 0.0,
            "max": 0.001
        },
        "cost_working": {
            "average": 9.724601569890569e-08,
            "min": 0.0,
            "max": 5.2294676755860225e-05
        },
        "cycles": {
            "average": 0.4,
            "min": 0.0,
            "max": 4101.0
        },
        "good_cycles": {
            "average": 279.96666666666664,
            "min": 0.0,
            "max": 4101.0
        },
        "idle_time": {
            "average": 0.0,
            "min": 0.0,
            "max": 0.0
        },
        "offline_time": {
            "average": 0.0,
            "min": 0.0,
            "max": 0.0
        },
        "power": {
            "average": 1.8735999829276723e-06,
            "min": 0.0,
            "max": 0.011242866023249757
        },
        "working_time": {
            "average": 0.0,
            "min": 0.0,
            "max": 0.0
        }
    }
}