{
    "machine_id": "Riveting Machine",
    "month": "2024-07",
    "KPIs": {
        "average_cycle_time": {
            "average": 0.0,
            "min": 0.0,
            "max": 0.0
        },
        "bad_cycles": {
            "average": 0.0,
            "min": 0.0,
            "max": 0.0
        },
        "consumption": {
            "average": 4.8194976004726725e-05,
            "min": 0.0,
            "max": 0.007078664445479657
        },
        "consumption_idle": {
            "average": 1.048076876046575e-05,
            "min": 0.0,
            "max": 8.210401262187113e-05
        },
        "consumption_working": {
            "average": 9.220958174459517e-05,
            "min": 0.0,
            "max": 0.0005428034636012413
        },
        "cost": {
            "average": 0.0006060082882007043,
            "min": 0.0,
            "max": 0.002192106048788122
        },
        "cost_idle": {
            "average": 0.0014354695827000108,
            "min": 0.0,
            "max": 0.001
        },
        "cost_working": {
            "average": 0.0005806451612903226,
            "min": 0.0,
            "max": 0.001
        },
        "cycles": {
            "average": 0.4838709677419355,
            "min": 0.0,
            "max": 3602.0
        },
        "good_cycles": {
            "average": 564.8387096774194,
            "min": 0.0,
            "max": 3602.0
        },
        "idle_time": {
            "average": 0.0,
            "min": 0.0,
            "max": 0.0
        },
        "offline_time": {
            "average": 0.0,
            "min": 0.0,
            "max": 0.0
        },
        "power": {
            "average": 0.00010797879007303762,
            "min": 0.0,
            "max": 0.0006420581280795569
        },
        "working_time": {
            "average": 0.0,
            "min": 0.0,
            "max": 0.0
        }
    }
}