{
    "machine_id": "Riveting Machine",
    "month": "2024-09",
    "KPIs": {
        "average_cycle_time": {
            "average": 1.7781016195328414,
            "min": 0.0,
            "max": 5.569086595388171
        },
        "bad_cycles": {
            "average": 0.0,
            "min": 0.0,
            "max": 0.0
        },
        "consumption": {
            "average": 0.0007697166923062097,
            "min": 0.0,
            "max": 0.18048537638078418
        },
        "consumption_idle": {
            "average": 0.0025403576345459536,
            "min": 0.0,
            "max": 0.001
        },
        "consumption_working": {
            "average": 0.0007095294121752216,
            "min": 0.0,
            "max": 0.18048537638078418
        },
        "cost": {
            "average": 0.0007675281245069901,
            "min": 0.0,
            "max": 0.20368202467399169
        },
        "cost_idle": {
            "average": 0.0007668647270761427,
            "min": 0.0,
            "max": 0.001
        },
        "cost_working": {
            "average": 0.0007049274763940239,
            "min": 0.0,
            "max": 0.20368202467399169
        },
        "cycles": {
            "average": 0.7333333333333333,
            "min": 0.0,
            "max": 3019.0
        },
        "good_cycles": {
            "average": 1008.4666666666667,
            "min": 0.0,
            "max": 3019.0
        },
        "idle_time": {
            "average": 15328.4,
            "min": 0.0,
            "max": 45483.0
        },
        "offline_time": {
            "average": 493.7,
            "min": 0.0,
            "max": 1779.0
        },
        "power": {
            "average": 0.00011701909001482701,
            "min": 0.0,
            "max": 0.004161041087112304
        },
        "working_time": {
            "average": 37050.833333333336,
            "min": 0.0,
            "max": 110099.0
        }
    }
}