{
    "machine_id": "Riveting Machine",
    "month": "2024-06",
    "KPIs": {
        "average_cycle_time": {
            "average": 0.0,
            "min": 0.0,
            "max": 0.0
        },
        "bad_cycles": {
            "average": 0.0,
            "min": 0.0,
            "max": 0.0
        },
        "consumption": {
            "average": 5.0970285696620205e-05,
            "min": 0.0,
            "max": 0.0037811353272634665
        },
        "consumption_idle": {
            "average": 1.0775643566429797e-05,
            "min": 0.0,
            "max": 6.509762597590192e-05
        },
        "consumption_working": {
            "average": 9.04603638541728e-05,
            "min": 0.0,
            "max": 0.0005390799899502648
        },
        "cost": {
            "average": 0.0006790656246527324,
            "min": 0.0,
            "max": 0.0024048490274022984
        },
        "cost_idle": {
            "average": 0.003643250967212811,
            "min": 0.0,
            "max": 0.001
        },
        "cost_working": {
            "average": 0.006619563346415457,
            "min": 0.0,
            "max": 0.001
        },
        "cycles": {
            "average": 0.5333333333333333,
            "min": 0.0,
            "max": 4112.0
        },
        "good_cycles": {
            "average": 841.6333333333333,
            "min": 0.0,
            "max": 4112.0
        },
        "idle_time": {
            "average": 0.0,
            "min": 0.0,
            "max": 0.0
        },
        "offline_time": {
            "average": 0.0,
            "min": 0.0,
            "max": 0.0
        },
        "power": {
            "average": 9.893422334693613e-05,
            "min": 0.0,
            "max": 0.0008203568576810458
        },
        "working_time": {
            "average": 0.0,
            "min": 0.0,
            "max": 0.0
        }
    }
}