{
    "machine_id": "Large Capacity Cutting Machine 1",
    "month": "2024-04",
    "KPIs": {
        "average_cycle_time": {
            "average": 0.0,
            "min": 0.0,
            "max": 0.0
        },
        "bad_cycles": {
            "average": 0.0,
            "min": 0.0,
            "max": 0.0
        },
        "consumption": {
            "average": 0.0021429393080972933,
            "min": 0.0,
            "max": 0.19788559705872216
        },
        "consumption_idle": {
            "average": 0.0003240698959068531,
            "min": 0.0,
            "max": 0.0016152124022308077
        },
        "consumption_working": {
            "average": 0.0034884213229493415,
            "min": 0.0,
            "max": 0.022173400242414574
        },
        "cost": {
            "average": 0.0006818958993866005,
            "min": 0.0,
            "max": 0.0
        },
        "cost_idle": {
            "average": 0.0,
            "min": 0.0,
            "max": 0.0
        },
        "cost_working": {
            "average": 0.0,
            "min": 0.0,
            "max": 0.0
        },
        "cycles": {
            "average": 0.6333333333333333,
            "min": 0.0,
            "max": 15829.0
        },
        "good_cycles": {
            "average": 1900.6,
            "min": 0.0,
            "max": 15829.0
        },
        "idle_time": {
            "average": 0.0,
            "min": 0.0,
            "max": 0.0
        },
        "offline_time": {
            "average": 0.0,
            "min": 0.0,
            "max": 0.0
        },
        "power": {
            "average": 0.003297448010405093,
            "min": 0.0,
            "max": 0.07060588114453872
        },
        "working_time": {
            "average": 0.0,
            "min": 0.0,
            "max": 0.0
        }
    }
}