{
    "machine_id": "Large Capacity Cutting Machine 1",
    "month": "2024-05",
    "KPIs": {
        "average_cycle_time": {
            "average": 0.0,
            "min": 0.0,
            "max": 0.0
        },
        "bad_cycles": {
            "average": 0.0,
            "min": 0.0,
            "max": 0.0
        },
        "consumption": {
            "average": 0.002799379949902471,
            "min": 0.0,
            "max": 0.12412694259654157
        },
        "consumption_idle": {
            "average": 0.00039586009607357774,
            "min": 0.0,
            "max": 0.0025121081248827668
        },
        "consumption_working": {
            "average": 0.005171048270134325,
            "min": 0.0,
            "max": 0.01937953126718196
        },
        "cost": {
            "average": 0.0013966704424137914,
            "min": 0.0,
            "max": 0.06049559658193854
        },
        "cost_idle": {
            "average": 0.002880504257680128,
            "min": 0.0,
            "max": 0.06049559658193854
        },
        "cost_working": {
            "average": 0.0010668939298626844,
            "min": 0.0,
            "max": 0.005119495103387172
        },
        "cycles": {
            "average": 0.7419354838709677,
            "min": 0.0,
            "max": 29583.0
        },
        "good_cycles": {
            "average": 3137.3548387096776,
            "min": 0.0,
            "max": 29583.0
        },
        "idle_time": {
            "average": 0.0,
            "min": 0.0,
            "max": 0.0
        },
        "offline_time": {
            "average": 0.0,
            "min": 0.0,
            "max": 0.0
        },
        "power": {
            "average": 0.006419209980529377,
            "min": 0.0,
            "max": 0.07749037801786449
        },
        "working_time": {
            "average": 0.0,
            "min": 0.0,
            "max": 0.0
        }
    }
}