{
    "machine_id": "Large Capacity Cutting Machine 1",
    "month": "2024-07",
    "KPIs": {
        "average_cycle_time": {
            "average": 0.0,
            "min": 0.0,
            "max": 0.0
        },
        "bad_cycles": {
            "average": 0.0,
            "min": 0.0,
            "max": 0.0
        },
        "consumption": {
            "average": 0.0038848717502816352,
            "min": 0.0,
            "max": 0.3449161185157111
        },
        "consumption_idle": {
            "average": 0.0003842344486041951,
            "min": 0.0,
            "max": 0.005059707064441923
        },
        "consumption_working": {
            "average": 0.007327354835489468,
            "min": 0.0,
            "max": 0.26166950811168543
        },
        "cost": {
            "average": 0.0038502473916861174,
            "min": 0.0,
            "max": 0.1281225228125867
        },
        "cost_idle": {
            "average": 0.0008317243968090198,
            "min": 0.0,
            "max": 0.001
        },
        "cost_working": {
            "average": 0.00991956894743417,
            "min": 0.0,
            "max": 0.1281225228125867
        },
        "cycles": {
            "average": 0.7419354838709677,
            "min": 0.0,
            "max": 189334.0
        },
        "good_cycles": {
            "average": 4909.645161290323,
            "min": 0.0,
            "max": 189334.0
        },
        "idle_time": {
            "average": 0.0,
            "min": 0.0,
            "max": 0.0
        },
        "offline_time": {
            "average": 0.0,
            "min": 0.0,
            "max": 0.0
        },
        "power": {
            "average": 0.005996422255671899,
            "min": 0.0,
            "max": 0.08675776347472214
        },
        "working_time": {
            "average": 0.0,
            "min": 0.0,
            "max": 0.0
        }
    }
}