{
    "machine_id": "Large Capacity Cutting Machine 1",
    "month": "2024-10",
    "KPIs": {
        "average_cycle_time": {
            "average": 0.4119365241229719,
            "min": 0.0,
            "max": 1.351124600950441
        },
        "bad_cycles": {
            "average": 0.0,
            "min": 0.0,
            "max": 0.0
        },
        "consumption": {
            "average": 0.003001591838179939,
            "min": 0.0,
            "max": 0.1829205529446642
        },
        "consumption_idle": {
            "average": 0.0006861340861136455,
            "min": 0.0,
            "max": 0.003957060707895529
        },
        "consumption_working": {
            "average": 0.004354496251915369,
            "min": 0.0,
            "max": 0.015848772921354302
        },
        "cost": {
            "average": 0.0010026748715076545,
            "min": 0.0,
            "max": 0.04369638489450367
        },
        "cost_idle": {
            "average": 0.0007368421052631579,
            "min": 0.0,
            "max": 0.0010512269065906816
        },
        "cost_working": {
            "average": 0.0011036254306735778,
            "min": 0.0,
            "max": 0.009279847340381932
        },
        "cycles": {
            "average": 0.5789473684210527,
            "min": 0.0,
            "max": 12254.0
        },
        "good_cycles": {
            "average": 2113.0,
            "min": 0.0,
            "max": 12254.0
        },
        "idle_time": {
            "average": 14854.894736842105,
            "min": 0.0,
            "max": 36799.0
        },
        "offline_time": {
            "average": 798.1052631578947,
            "min": 0.0,
            "max": 2967.0
        },
        "power": {
            "average": 0.0046042040501888745,
            "min": 0.0,
            "max": 0.09225900441090773
        },
        "working_time": {
            "average": 19668.315789473683,
            "min": 0.0,
            "max": 45282.0
        }
    }
}