{
    "machine_id": "Large Capacity Cutting Machine 1",
    "month": "2024-09",
    "KPIs": {
        "average_cycle_time": {
            "average": 0.5294132954680981,
            "min": 0.0,
            "max": 2.149496545827631
        },
        "bad_cycles": {
            "average": 0.0,
            "min": 0.0,
            "max": 0.0
        },
        "consumption": {
            "average": 0.002274789504075588,
            "min": 0.0,
            "max": 0.214411505702803
        },
        "consumption_idle": {
            "average": 0.0007357119787397347,
            "min": 0.0,
            "max": 0.0036558579394463937
        },
        "consumption_working": {
            "average": 0.003129921917315986,
            "min": 0.0,
            "max": 0.023450612319423622
        },
        "cost": {
            "average": 0.001977095051759245,
            "min": 0.0,
            "max": 0.0995912461156003
        },
        "cost_idle": {
            "average": 0.0006567448002913154,
            "min": 0.0,
            "max": 0.0011907387706053157
        },
        "cost_working": {
            "average": 0.0060934637174976025,
            "min": 0.0,
            "max": 0.009148978750198869
        },
        "cycles": {
            "average": 0.5,
            "min": 0.0,
            "max": 14095.0
        },
        "good_cycles": {
            "average": 1955.8,
            "min": 0.0,
            "max": 14095.0
        },
        "idle_time": {
            "average": 12120.766666666666,
            "min": 0.0,
            "max": 66708.0
        },
        "offline_time": {
            "average": 763.9333333333333,
            "min": 0.0,
            "max": 3185.0
        },
        "power": {
            "average": 0.003579628776618564,
            "min": 0.0,
            "max": 0.07609241758812729
        },
        "working_time": {
            "average": 16572.366666666665,
            "min": 0.0,
            "max": 49542.0
        }
    }
}