{
    "machine_id": "Large Capacity Cutting Machine 1",
    "month": "2024-08",
    "KPIs": {
        "average_cycle_time": {
            "average": 0.1749815379463451,
            "min": 0.0,
            "max": 0.9865568519152395
        },
        "bad_cycles": {
            "average": 0.0,
            "min": 0.0,
            "max": 0.0
        },
        "consumption": {
            "average": 0.0007859228574273673,
            "min": 0.0,
            "max": 0.09663472825343551
        },
        "consumption_idle": {
            "average": 0.002435932411914882,
            "min": 0.0,
            "max": 0.0789634872804582
        },
        "consumption_working": {
            "average": 0.0010766884565991321,
            "min": 0.0,
            "max": 0.0164216754773208
        },
        "cost": {
            "average": 0.0004830792979860221,
            "min": 0.0,
            "max": 0.051188261961938486
        },
        "cost_idle": {
            "average": 0.0003225806451612903,
            "min": 0.0,
            "max": 0.001
        },
        "cost_working": {
            "average": 0.0005547888224828391,
            "min": 0.0,
            "max": 0.003975602592637292
        },
        "cycles": {
            "average": 0.3225806451612903,
            "min": 0.0,
            "max": 9313.0
        },
        "good_cycles": {
            "average": 649.8709677419355,
            "min": 0.0,
            "max": 9313.0
        },
        "idle_time": {
            "average": 2270.6451612903224,
            "min": 0.0,
            "max": 19233.0
        },
        "offline_time": {
            "average": 224.8709677419355,
            "min": 0.0,
            "max": 2196.0
        },
        "power": {
            "average": 0.0015988293505636228,
            "min": 0.0,
            "max": 0.052330146028890856
        },
        "working_time": {
            "average": 4049.7096774193546,
            "min": 0.0,
            "max": 38684.0
        }
    }
}