{
    "machine_id": "Medium Capacity Cutting Machine 2",
    "month": "2024-08",
    "KPIs": {
        "average_cycle_time": {
            "average": 0.13578295400896578,
            "min": 0.0,
            "max": 0.8893407248008183
        },
        "bad_cycles": {
            "average": 0.0,
            "min": 0.0,
            "max": 0.0
        },
        "consumption": {
            "average": 0.0012310102065777296,
            "min": 0.0,
            "max": 0.12464711159003049
        },
        "consumption_idle": {
            "average": 0.004166514616832267,
            "min": 0.0,
            "max": 0.004209865026375594
        },
        "consumption_working": {
            "average": 0.0012900705018492743,
            "min": 0.0,
            "max": 0.012053595108558166
        },
        "cost": {
            "average": 0.0010723231566129407,
            "min": 0.0,
            "max": 0.16759146114530699
        },
        "cost_idle": {
            "average": 0.0044357187330678486,
            "min": 0.0,
            "max": 0.16759146114530699
        },
        "cost_working": {
            "average": 0.004366516554580342,
            "min": 0.0,
            "max": 0.008249534737721581
        },
        "cycles": {
            "average": 0.25806451612903225,
            "min": 0.0,
            "max": 17994.0
        },
        "good_cycles": {
            "average": 641.1935483870968,
            "min": 0.0,
            "max": 17994.0
        },
        "idle_time": {
            "average": 1624.1935483870968,
            "min": 0.0,
            "max": 14180.0
        },
        "offline_time": {
            "average": 223.19354838709677,
            "min": 0.0,
            "max": 2117.0
        },
        "power": {
            "average": 0.0019927507883167575,
            "min": 0.0,
            "max": 0.0463222630141851
        },
        "working_time": {
            "average": 3258.7096774193546,
            "min": 0.0,
            "max": 50546.0
        }
    }
}