{
    "machine_id": "Medium Capacity Cutting Machine 2",
    "month": "2024-04",
    "KPIs": {
        "average_cycle_time": {
            "average": 0.0,
            "min": 0.0,
            "max": 0.0
        },
        "bad_cycles": {
            "average": 0.0,
            "min": 0.0,
            "max": 0.0
        },
        "consumption": {
            "average": 0.0017017896680461958,
            "min": 0.0,
            "max": 0.12114191761260767
        },
        "consumption_idle": {
            "average": 0.0007339741392198359,
            "min": 0.0,
            "max": 0.005613947256738242
        },
        "consumption_working": {
            "average": 0.0027070231638874295,
            "min": 0.0,
            "max": 0.015009208657400876
        },
        "cost": {
            "average": 0.001040124707100703,
            "min": 0.0,
            "max": 0.0
        },
        "cost_idle": {
            "average": 0.0,
            "min": 0.0,
            "max": 0.0
        },
        "cost_working": {
            "average": 0.0,
            "min": 0.0,
            "max": 0.0
        },
        "cycles": {
            "average": 0.4,
            "min": 0.0,
            "max": 11909.0
        },
        "good_cycles": {
            "average": 608.6,
            "min": 0.0,
            "max": 11909.0
        },
        "idle_time": {
            "average": 0.0,
            "min": 0.0,
            "max": 0.0
        },
        "offline_time": {
            "average": 0.0,
            "min": 0.0,
            "max": 0.0
        },
        "power": {
            "average": 0.00310906275381026,
            "min": 0.0,
            "max": 0.06202271531951202
        },
        "working_time": {
            "average": 0.0,
            "min": 0.0,
            "max": 0.0
        }
    }
}