{
    "machine_id": "Medium Capacity Cutting Machine 2",
    "month": "2024-05",
    "KPIs": {
        "average_cycle_time": {
            "average": 0.0,
            "min": 0.0,
            "max": 0.0
        },
        "bad_cycles": {
            "average": 0.0,
            "min": 0.0,
            "max": 0.0
        },
        "consumption": {
            "average": 0.0009358191426294756,
            "min": 0.0,
            "max": 0.08397577162223925
        },
        "consumption_idle": {
            "average": 0.0006403881413535614,
            "min": 0.0,
            "max": 0.006057849779070897
        },
        "consumption_working": {
            "average": 0.001512016295028191,
            "min": 0.0,
            "max": 0.050945561841048856
        },
        "cost": {
            "average": 0.0004754628107349746,
            "min": 0.0,
            "max": 0.01732851615321908
        },
        "cost_idle": {
            "average": 0.0001935483870967742,
            "min": 0.0,
            "max": 0.002044427651815211
        },
        "cost_working": {
            "average": 0.0003740644303215965,
            "min": 0.0,
            "max": 0.003679946305440938
        },
        "cycles": {
            "average": 0.25806451612903225,
            "min": 0.0,
            "max": 7996.0
        },
        "good_cycles": {
            "average": 312.38709677419354,
            "min": 0.0,
            "max": 7996.0
        },
        "idle_time": {
            "average": 0.0,
            "min": 0.0,
            "max": 0.0
        },
        "offline_time": {
            "average": 0.0,
            "min": 0.0,
            "max": 0.0
        },
        "power": {
            "average": 0.002540472042188428,
            "min": 0.0,
            "max": 0.05654072803916146
        },
        "working_time": {
            "average": 0.0,
            "min": 0.0,
            "max": 0.0
        }
    }
}