{
    "machine_id": "Medium Capacity Cutting Machine 2",
    "month": "2024-09",
    "KPIs": {
        "average_cycle_time": {
            "average": 1.632878434732173,
            "min": 0.0,
            "max": 31.4058419745613
        },
        "bad_cycles": {
            "average": 0.0,
            "min": 0.0,
            "max": 0.0
        },
        "consumption": {
            "average": 0.0013489954622464358,
            "min": 0.0,
            "max": 0.0984910289527432
        },
        "consumption_idle": {
            "average": 0.004625345991041976,
            "min": 0.0,
            "max": 0.08665644465368397
        },
        "consumption_working": {
            "average": 0.0012789625433030326,
            "min": 0.0,
            "max": 0.02048733018352731
        },
        "cost": {
            "average": 0.0008244386158135111,
            "min": 0.0,
            "max": 0.1250662551952476
        },
        "cost_idle": {
            "average": 0.0041996842550643485,
            "min": 0.0,
            "max": 0.0028111457247581165
        },
        "cost_working": {
            "average": 0.0008910032542932259,
            "min": 0.0,
            "max": 0.1250662551952476
        },
        "cycles": {
            "average": 0.6,
            "min": 0.0,
            "max": 13647.0
        },
        "good_cycles": {
            "average": 1181.3,
            "min": 0.0,
            "max": 13647.0
        },
        "idle_time": {
            "average": 10374.466666666667,
            "min": 0.0,
            "max": 31855.0
        },
        "offline_time": {
            "average": 657.1,
            "min": 0.0,
            "max": 2163.0
        },
        "power": {
            "average": 0.0038957004878505163,
            "min": 0.0,
            "max": 0.07105626081728031
        },
        "working_time": {
            "average": 6214.333333333333,
            "min": 0.0,
            "max": 28804.0
        }
    }
}