{
    "machine_id": "Medium Capacity Cutting Machine 2",
    "month": "2024-10",
    "KPIs": {
        "average_cycle_time": {
            "average": 2.015679017871649,
            "min": 0.0,
            "max": 72.12045638575759
        },
        "bad_cycles": {
            "average": 0.0,
            "min": 0.0,
            "max": 0.0
        },
        "consumption": {
            "average": 0.0016161455459159822,
            "min": 0.0,
            "max": 0.16174041188476426
        },
        "consumption_idle": {
            "average": 0.0010007397314520704,
            "min": 0.0,
            "max": 0.07746534065176441
        },
        "consumption_working": {
            "average": 0.003237268375833923,
            "min": 0.0,
            "max": 0.01610613372769162
        },
        "cost": {
            "average": 0.0009573817893831517,
            "min": 0.0,
            "max": 0.1093537283911971
        },
        "cost_idle": {
            "average": 0.0006909948764020431,
            "min": 0.0,
            "max": 0.00219858937979193
        },
        "cost_working": {
            "average": 0.001302130767729599,
            "min": 0.0,
            "max": 0.1093537283911971
        },
        "cycles": {
            "average": 0.6842105263157895,
            "min": 0.0,
            "max": 8377.0
        },
        "good_cycles": {
            "average": 2404.157894736842,
            "min": 0.0,
            "max": 8377.0
        },
        "idle_time": {
            "average": 12603.368421052632,
            "min": 0.0,
            "max": 42018.0
        },
        "offline_time": {
            "average": 608.5263157894736,
            "min": 0.0,
            "max": 2709.0
        },
        "power": {
            "average": 0.004377884078034067,
            "min": 0.0,
            "max": 0.0511829373974305
        },
        "working_time": {
            "average": 6396.1578947368425,
            "min": 0.0,
            "max": 26038.0
        }
    }
}