{
    "machine_id": "Medium Capacity Cutting Machine 2",
    "month": "2024-06",
    "KPIs": {
        "average_cycle_time": {
            "average": 0.0,
            "min": 0.0,
            "max": 0.0
        },
        "bad_cycles": {
            "average": 0.0,
            "min": 0.0,
            "max": 0.0
        },
        "consumption": {
            "average": 0.001460575277232784,
            "min": 0.0,
            "max": 0.08449124723830767
        },
        "consumption_idle": {
            "average": 0.0009768273705437717,
            "min": 0.0,
            "max": 0.010278837769734636
        },
        "consumption_working": {
            "average": 0.0017693395339798738,
            "min": 0.0,
            "max": 0.016741077178889938
        },
        "cost": {
            "average": 0.0008410519651196797,
            "min": 0.0,
            "max": 0.10774945798315042
        },
        "cost_idle": {
            "average": 0.0006608284139973866,
            "min": 0.0,
            "max": 0.0030317335434106966
        },
        "cost_working": {
            "average": 0.0008987616496471685,
            "min": 0.0,
            "max": 0.10774945798315042
        },
        "cycles": {
            "average": 0.5333333333333333,
            "min": 0.0,
            "max": 9349.0
        },
        "good_cycles": {
            "average": 953.2333333333333,
            "min": 0.0,
            "max": 9349.0
        },
        "idle_time": {
            "average": 0.0,
            "min": 0.0,
            "max": 0.0
        },
        "offline_time": {
            "average": 0.0,
            "min": 0.0,
            "max": 0.0
        },
        "power": {
            "average": 0.0031866167830385144,
            "min": 0.0,
            "max": 0.04765146936446424
        },
        "working_time": {
            "average": 0.0,
            "min": 0.0,
            "max": 0.0
        }
    }
}