{
    "machine_id": "Assembly Machine 3",
    "month": "2024-08",
    "KPIs": {
        "average_cycle_time": {
            "average": 0.5358764722357887,
            "min": 0.0,
            "max": 3.307005392038655
        },
        "bad_cycles": {
            "average": 0.0,
            "min": 0.0,
            "max": 0.0
        },
        "consumption": {
            "average": 9.909261291004305e-05,
            "min": 0.0,
            "max": 0.002992964048905261
        },
        "consumption_idle": {
            "average": 9.777047616403854e-05,
            "min": 0.0,
            "max": 0.001
        },
        "consumption_working": {
            "average": 0.0001000237634647186,
            "min": 0.0,
            "max": 0.001
        },
        "cost": {
            "average": 0.00016129032258064516,
            "min": 0.0,
            "max": 0.002
        },
        "cost_idle": {
            "average": 0.00016129032258064516,
            "min": 0.0,
            "max": 0.001
        },
        "cost_working": {
            "average": 0.00012956390295567238,
            "min": 0.0,
            "max": 0.001
        },
        "cycles": {
            "average": 0.16129032258064516,
            "min": 0.0,
            "max": 2353.0
        },
        "good_cycles": {
            "average": 129.38709677419354,
            "min": 0.0,
            "max": 2353.0
        },
        "idle_time": {
            "average": 181.80645161290323,
            "min": 0.0,
            "max": 3620.0
        },
        "offline_time": {
            "average": 195.70967741935485,
            "min": 0.0,
            "max": 2430.0
        },
        "power": {
            "average": 2.3659751680567682e-05,
            "min": 0.0,
            "max": 0.0005632505082703769
        },
        "working_time": {
            "average": 2727.2258064516127,
            "min": 0.0,
            "max": 43064.0
        }
    }
}