{
    "machine_id": "Assembly Machine 3",
    "month": "2024-10",
    "KPIs": {
        "average_cycle_time": {
            "average": 4.539359470619431,
            "min": 0.0,
            "max": 49.30234966847884
        },
        "bad_cycles": {
            "average": 0.0,
            "min": 0.0,
            "max": 0.0
        },
        "consumption": {
            "average": 0.0005822899825076876,
            "min": 0.0,
            "max": 0.04152017600394438
        },
        "consumption_idle": {
            "average": 0.0005789575828856577,
            "min": 0.0,
            "max": 0.04152017600394438
        },
        "consumption_working": {
            "average": 0.0005839552204163722,
            "min": 0.0,
            "max": 0.001
        },
        "cost": {
            "average": 0.0006315789473684211,
            "min": 0.0,
            "max": 0.0020020193457969534
        },
        "cost_idle": {
            "average": 0.0006315789473684211,
            "min": 0.0,
            "max": 0.001
        },
        "cost_working": {
            "average": 0.0005817511478997992,
            "min": 0.0,
            "max": 0.001
        },
        "cycles": {
            "average": 0.5789473684210527,
            "min": 0.0,
            "max": 3504.0
        },
        "good_cycles": {
            "average": 211.8421052631579,
            "min": 0.0,
            "max": 3504.0
        },
        "idle_time": {
            "average": 3360.9473684210525,
            "min": 0.0,
            "max": 27905.0
        },
        "offline_time": {
            "average": 844.578947368421,
            "min": 0.0,
            "max": 2531.0
        },
        "power": {
            "average": 8.358804502862876e-05,
            "min": 0.0,
            "max": 0.0009425346044262207
        },
        "working_time": {
            "average": 18563.894736842107,
            "min": 0.0,
            "max": 54639.0
        }
    }
}