{
    "machine_id": "Assembly Machine 3",
    "month": "2024-07",
    "KPIs": {
        "average_cycle_time": {
            "average": 0.0,
            "min": 0.0,
            "max": 0.0
        },
        "bad_cycles": {
            "average": 0.0,
            "min": 0.0,
            "max": 0.0
        },
        "consumption": {
            "average": 1.3770033289794891e-06,
            "min": 0.0,
            "max": 4.268710319836416e-05
        },
        "consumption_idle": {
            "average": 1.6352491442654468e-06,
            "min": 0.0,
            "max": 1.2876742747826373e-05
        },
        "consumption_working": {
            "average": 0.0,
            "min": 0.0,
            "max": 0.0
        },
        "cost": {
            "average": 3.6209238154530233e-07,
            "min": 0.0,
            "max": 1.1224863827904372e-05
        },
        "cost_idle": {
            "average": 3.9749129232000314e-07,
            "min": 0.0,
            "max": 1.1079535864945946e-06
        },
        "cost_working": {
            "average": 0.0,
            "min": 0.0,
            "max": 0.0
        },
        "cycles": {
            "average": 0.03225806451612903,
            "min": 0.0,
            "max": 104.0
        },
        "good_cycles": {
            "average": 0.3548387096774194,
            "min": 0.0,
            "max": 104.0
        },
        "idle_time": {
            "average": 0.0,
            "min": 0.0,
            "max": 0.0
        },
        "offline_time": {
            "average": 0.0,
            "min": 0.0,
            "max": 0.0
        },
        "power": {
            "average": 7.593775890919964e-06,
            "min": 0.0,
            "max": 0.00024663160475180113
        },
        "working_time": {
            "average": 0.0,
            "min": 0.0,
            "max": 0.0
        }
    }
}