{
    "machine_id": "Laser Welding Machine 2",
    "month": "2024-07",
    "KPIs": {
        "average_cycle_time": {
            "average": 0.0,
            "min": 0.0,
            "max": 0.0
        },
        "bad_cycles": {
            "average": 1.4193548387096775,
            "min": 0.0,
            "max": 46.0
        },
        "consumption": {
            "average": 0.0007310470415540889,
            "min": 0.0,
            "max": 0.10431510365960132
        },
        "consumption_idle": {
            "average": 0.0010658846311235705,
            "min": 0.0,
            "max": 0.00499768778570761
        },
        "consumption_working": {
            "average": 0.00035944190562257504,
            "min": 0.0,
            "max": 0.0058197599893741615
        },
        "cost": {
            "average": 0.0004984289610749077,
            "min": 0.0,
            "max": 0.08140063877583181
        },
        "cost_idle": {
            "average": 0.0004776487564623917,
            "min": 0.0,
            "max": 0.08140063877583181
        },
        "cost_working": {
            "average": 0.005001703219571608,
            "min": 0.0,
            "max": 0.0014521552001812248
        },
        "cycles": {
            "average": 0.3225806451612903,
            "min": 0.0,
            "max": 438.0
        },
        "good_cycles": {
            "average": 15.96774193548387,
            "min": 0.0,
            "max": 438.0
        },
        "idle_time": {
            "average": 0.0,
            "min": 0.0,
            "max": 0.0
        },
        "offline_time": {
            "average": 0.0,
            "min": 0.0,
            "max": 0.0
        },
        "power": {
            "average": 0.0010609220266788733,
            "min": 0.0,
            "max": 0.0717803037875119
        },
        "working_time": {
            "average": 0.0,
            "min": 0.0,
            "max": 0.0
        }
    }
}