{
    "machine_id": "Laser Welding Machine 2",
    "month": "2024-10",
    "KPIs": {
        "average_cycle_time": {
            "average": 11.219586255055782,
            "min": 0.0,
            "max": 30.161679468089428
        },
        "bad_cycles": {
            "average": 1.6842105263157894,
            "min": 0.0,
            "max": 15.0
        },
        "consumption": {
            "average": 0.0013756473093490976,
            "min": 0.0,
            "max": 0.18644438641926447
        },
        "consumption_idle": {
            "average": 0.001351989970901283,
            "min": 0.0,
            "max": 0.18644438641926447
        },
        "consumption_working": {
            "average": 0.001508074162079508,
            "min": 0.0,
            "max": 0.12667445940330763
        },
        "cost": {
            "average": 0.0009196160221021038,
            "min": 0.0,
            "max": 0.03088568687458214
        },
        "cost_idle": {
            "average": 0.0009238913619131924,
            "min": 0.0,
            "max": 0.001828497971550286
        },
        "cost_working": {
            "average": 0.0008506838004900394,
            "min": 0.0,
            "max": 0.0012405782866637505
        },
        "cycles": {
            "average": 0.7894736842105263,
            "min": 0.0,
            "max": 352.0
        },
        "good_cycles": {
            "average": 112.52631578947368,
            "min": 0.0,
            "max": 352.0
        },
        "idle_time": {
            "average": 32312.157894736843,
            "min": 0.0,
            "max": 97333.0
        },
        "offline_time": {
            "average": 1108.421052631579,
            "min": 0.0,
            "max": 4842.0
        },
        "power": {
            "average": 0.002374191015748197,
            "min": 0.0,
            "max": 0.1000599851696797
        },
        "working_time": {
            "average": 33246.63157894737,
            "min": 0.0,
            "max": 81414.0
        }
    }
}