{
    "machine_id": "Laser Welding Machine 2",
    "month": "2024-08",
    "KPIs": {
        "average_cycle_time": {
            "average": 0.22784438389416076,
            "min": 0.0,
            "max": 15.907586641966153
        },
        "bad_cycles": {
            "average": 0.22580645161290322,
            "min": 0.0,
            "max": 21.0
        },
        "consumption": {
            "average": 0.0003962534824482277,
            "min": 0.0,
            "max": 0.041841301450016896
        },
        "consumption_idle": {
            "average": 0.0002804715088184136,
            "min": 0.0,
            "max": 0.0050023717771528
        },
        "consumption_working": {
            "average": 0.00034828309633960585,
            "min": 0.0,
            "max": 0.0034320568465129138
        },
        "cost": {
            "average": 0.00032061918558166485,
            "min": 0.0,
            "max": 0.10821934860157045
        },
        "cost_idle": {
            "average": 0.0034340025324635366,
            "min": 0.0,
            "max": 0.08793266467359073
        },
        "cost_working": {
            "average": 0.000302599230456782,
            "min": 0.0,
            "max": 0.10821934860157045
        },
        "cycles": {
            "average": 0.12903225806451613,
            "min": 0.0,
            "max": 422.0
        },
        "good_cycles": {
            "average": 7.516129032258065,
            "min": 0.0,
            "max": 422.0
        },
        "idle_time": {
            "average": 2713.1290322580644,
            "min": 0.0,
            "max": 26058.0
        },
        "offline_time": {
            "average": 204.83870967741936,
            "min": 0.0,
            "max": 1988.0
        },
        "power": {
            "average": 0.0007747230925745334,
            "min": 0.0,
            "max": 0.0686809176446118
        },
        "working_time": {
            "average": 4101.193548387097,
            "min": 0.0,
            "max": 44528.0
        }
    }
}