{
    "machine_id": "Large Capacity Cutting Machine 1",
    "monthly_summary": [
        {
            "month": "2024-03",
            "KPIs": {
                "average_cycle_time": {
                    "average": 0.0,
                    "min": 0.0,
                    "max": 0.0
                },
                "bad_cycles": {
                    "average": 0.0,
                    "min": 0.0,
                    "max": 0.0
                },
                "consumption": {
                    "average": 0.0013015137854767644,
                    "min": 0.0,
                    "max": 0.09477750094431775
                },
                "consumption_idle": {
                    "average": 0.0004203452003983412,
                    "min": 0.0,
                    "max": 0.0024920118485895794
                },
                "consumption_working": {
                    "average": 0.0021111835419563543,
                    "min": 0.0,
                    "max": 0.017477024244629727
                },
                "cost": {
                    "average": 0.0007648453461734984,
                    "min": 0.0,
                    "max": 0.0
                },
                "cost_idle": {
                    "average": 0.0,
                    "min": 0.0,
                    "max": 0.0
                },
                "cost_working": {
                    "average": 0.0,
                    "min": 0.0,
                    "max": 0.0
                },
                "cycles": {
                    "average": 0.6451612903225806,
                    "min": 0.0,
                    "max": 28754.0
                },
                "good_cycles": {
                    "average": 1228.6129032258063,
                    "min": 0.0,
                    "max": 28754.0
                },
                "idle_time": {
                    "average": 0.0,
                    "min": 0.0,
                    "max": 0.0
                },
                "offline_time": {
                    "average": 0.0,
                    "min": 0.0,
                    "max": 0.0
                },
                "power": {
                    "average": 0.0028015846972911963,
                    "min": 0.0,
                    "max": 0.08007309150809613
                },
                "working_time": {
                    "average": 0.0,
                    "min": 0.0,
                    "max": 0.0
                }
            }
        },
        {
            "month": "2024-04",
            "KPIs": {
                "average_cycle_time": {
                    "average": 0.0,
                    "min": 0.0,
                    "max": 0.0
                },
                "bad_cycles": {
                    "average": 0.0,
                    "min": 0.0,
                    "max": 0.0
                },
                "consumption": {
                    "average": 0.0021429393080972933,
                    "min": 0.0,
                    "max": 0.19788559705872216
                },
                "consumption_idle": {
                    "average": 0.0003240698959068531,
                    "min": 0.0,
                    "max": 0.0016152124022308077
                },
                "consumption_working": {
                    "average": 0.0034884213229493415,
                    "min": 0.0,
                    "max": 0.022173400242414574
                },
                "cost": {
                    "average": 0.0006818958993866005,
                    "min": 0.0,
                    "max": 0.0
                },
                "cost_idle": {
                    "average": 0.0,
                    "min": 0.0,
                    "max": 0.0
                },
                "cost_working": {
                    "average": 0.0,
                    "min": 0.0,
                    "max": 0.0
                },
                "cycles": {
                    "average": 0.6333333333333333,
                    "min": 0.0,
                    "max": 15829.0
                },
                "good_cycles": {
                    "average": 1900.6,
                    "min": 0.0,
                    "max": 15829.0
                },
                "idle_time": {
                    "average": 0.0,
                    "min": 0.0,
                    "max": 0.0
                },
                "offline_time": {
                    "average": 0.0,
                    "min": 0.0,
                    "max": 0.0
                },
                "power": {
                    "average": 0.003297448010405093,
                    "min": 0.0,
                    "max": 0.07060588114453872
                },
                "working_time": {
                    "average": 0.0,
                    "min": 0.0,
                    "max": 0.0
                }
            }
        },
        {
            "month": "2024-05",
            "KPIs": {
                "average_cycle_time": {
                    "average": 0.0,
                    "min": 0.0,
                    "max": 0.0
                },
                "bad_cycles": {
                    "average": 0.0,
                    "min": 0.0,
                    "max": 0.0
                },
                "consumption": {
                    "average": 0.002799379949902471,
                    "min": 0.0,
                    "max": 0.12412694259654157
                },
                "consumption_idle": {
                    "average": 0.00039586009607357774,
                    "min": 0.0,
                    "max": 0.0025121081248827668
                },
                "consumption_working": {
                    "average": 0.005171048270134325,
                    "min": 0.0,
                    "max": 0.01937953126718196
                },
                "cost": {
                    "average": 0.0013966704424137914,
                    "min": 0.0,
                    "max": 0.06049559658193854
                },
                "cost_idle": {
                    "average": 0.002880504257680128,
                    "min": 0.0,
                    "max": 0.06049559658193854
                },
                "cost_working": {
                    "average": 0.0010668939298626844,
                    "min": 0.0,
                    "max": 0.005119495103387172
                },
                "cycles": {
                    "average": 0.7419354838709677,
                    "min": 0.0,
                    "max": 29583.0
                },
                "good_cycles": {
                    "average": 3137.3548387096776,
                    "min": 0.0,
                    "max": 29583.0
                },
                "idle_time": {
                    "average": 0.0,
                    "min": 0.0,
                    "max": 0.0
                },
                "offline_time": {
                    "average": 0.0,
                    "min": 0.0,
                    "max": 0.0
                },
                "power": {
                    "average": 0.006419209980529377,
                    "min": 0.0,
                    "max": 0.07749037801786449
                },
                "working_time": {
                    "average": 0.0,
                    "min": 0.0,
                    "max": 0.0
                }
            }
        },
        {
            "month": "2024-06",
            "KPIs": {
                "average_cycle_time": {
                    "average": 0.0,
                    "min": 0.0,
                    "max": 0.0
                },
                "bad_cycles": {
                    "average": 0.0,
                    "min": 0.0,
                    "max": 0.0
                },
                "consumption": {
                    "average": 0.0022754360628985696,
                    "min": 0.0,
                    "max": 0.28049992033965815
                },
                "consumption_idle": {
                    "average": 0.0004284444720048216,