{
    "machine_id": "Medium Capacity Cutting Machine 2",
    "monthly_summary": [
        {
            "month": "2024-03",
            "KPIs": {
                "average_cycle_time": {
                    "average": 0.0,
                    "min": 0.0,
                    "max": 0.0
                },
                "bad_cycles": {
                    "average": 0.0,
                    "min": 0.0,
                    "max": 0.0
                },
                "consumption": {
                    "average": 0.0023731402496540857,
                    "min": 0.0,
                    "max": 0.3199285622525932
                },
                "consumption_idle": {
                    "average": 0.0010540869556586408,
                    "min": 0.0,
                    "max": 0.014760961954663865
                },
                "consumption_working": {
                    "average": 0.003713141006560274,
                    "min": 0.0,
                    "max": 0.023394668436348853
                },
                "cost": {
                    "average": 0.00150412750871346,
                    "min": 0.0,
                    "max": 0.0
                },
                "cost_idle": {
                    "average": 0.0,
                    "min": 0.0,
                    "max": 0.0
                },
                "cost_working": {
                    "average": 0.0,
                    "min": 0.0,
                    "max": 0.0
                },
                "cycles": {
                    "average": 0.7096774193548387,
                    "min": 0.0,
                    "max": 24298.0
                },
                "good_cycles": {
                    "average": 1822.032258064516,
                    "min": 0.0,
                    "max": 24298.0
                },
                "idle_time": {
                    "average": 0.0,
                    "min": 0.0,
                    "max": 0.0
                },
                "offline_time": {
                    "average": 0.0,
                    "min": 0.0,
                    "max": 0.0
                },
                "power": {
                    "average": 0.004952443803414934,
                    "min": 0.0,
                    "max": 0.06434539854559689
                },
                "working_time": {
                    "average": 0.0,
                    "min": 0.0,
                    "max": 0.0
                }
            }
        },
        {
            "month": "2024-04",
            "KPIs": {
                "average_cycle_time": {
                    "average": 0.0,
                    "min": 0.0,
                    "max": 0.0
                },
                "bad_cycles": {
                    "average": 0.0,
                    "min": 0.0,
                    "max": 0.0
                },
                "consumption": {
                    "average": 0.0017017896680461958,
                    "min": 0.0,
                    "max": 0.12114191761260767
                },
                "consumption_idle": {
                    "average": 0.0007339741392198359,
                    "min": 0.0,
                    "max": 0.005613947256738242
                },
                "consumption_working": {
                    "average": 0.0027070231638874295,
                    "min": 0.0,
                    "max": 0.015009208657400876
                },
                "cost": {
                    "average": 0.001040124707100703,
                    "min": 0.0,
                    "max": 0.0
                },
                "cost_idle": {
                    "average": 0.0,
                    "min": 0.0,
                    "max": 0.0
                },
                "cost_working": {
                    "average": 0.0,
                    "min": 0.0,
                    "max": 0.0
                },
                "cycles": {
                    "average": 0.4,
                    "min": 0.0,
                    "max": 11909.0
                },
                "good_cycles": {
                    "average": 608.6,
                    "min": 0.0,
                    "max": 11909.0
                },
                "idle_time": {
                    "average": 0.0,
                    "min": 0.0,
                    "max": 0.0
                },
                "offline_time": {
                    "average": 0.0,
                    "min": 0.0,
                    "max": 0.0
                },
                "power": {
                    "average": 0.00310906275381026,
                    "min": 0.0,
                    "max": 0.06202271531951202
                },
                "working_time": {
                    "average": 0.0,
                    "min": 0.0,
                    "max": 0.0
                }
            }
        },
        {
            "month": "2024-05",
            "KPIs": {
                "average_cycle_time": {
                    "average": 0.0,
                    "min": 0.0,
                    "max": 0.0
                },
                "bad_cycles": {
                    "average": 0.0,
                    "min": 0.0,
                    "max": 0.0
                },
                "consumption": {
                    "average": 0.0009358191426294756,
                    "min": 0.0,
                    "max": 0.08397577162223925
                },
                "consumption_idle": {
                    "average": 0.0006403881413535614,
                    "min": 0.0,
                    "max": 0.006057849779070897
                },
                "consumption_working": {
                    "average": 0.001512016295028191,
                    "min": 0.0,
                    "max": 0.050945561841048856
                },
                "cost": {
                    "average": 0.0004754628107349746,
                    "min": 0.0,
                    "max": 0.01732851615321908
                },
                "cost_idle": {
                    "average": 0.0001935483870967742,
                    "min": 0.0,
                    "max": 0.002044427651815211
                },
                "cost_working": {
                    "average": 0.0003740644303215965,
                    "min": 0.0,
                    "max": 0.003679946305440938
                },
                "cycles": {
                    "average": 0.25806451612903225,
                    "min": 0.0,
                    "max": 7996.0
                },
                "good_cycles": {
                    "average": 312.38709677419354,
                    "min": 0.0,
                    "max": 7996.0
                },
                "idle_time": {
                    "average": 0.0,
                    "min": 0.0,
                    "max": 0.0
                },
                "offline_time": {
                    "average": 0.0,
                    "min": 0.0,
                    "max": 0.0
                },
                "power": {
                    "average": 0.002540472042188428,
                    "min": 0.0,
                    "max": 0.05654072803916146
                },
                "working_time": {
                    "average": 0.0,
                    "min": 0.0,
                    "max": 0.0
                }
            }
        },
        {
            "month": "2024-06",
            "KPIs": {
                "average_cycle_time": {
                    "average": 0.0,
                    "min": 0.0,
                    "max": 0.0
                },
                "bad_cycles": {
                    "average": 0.0,
                    "min": 0.0,
                    "max": 0.0
                },
                "consumption": {
                    "average": 0.001460575277232784,
                    "min": 0.0,
                    "max": 0.08449124723830767
                },
                "consumption_idle": {
                    "average": 0.0009768273705437717,
                    "min": 0.0,