{
    "machine_id": "Medium Capacity Cutting Machine 1",
    "monthly_summary": [
        {
            "month": "2024-03",
            "KPIs": {
                "average_cycle_time": {
                    "average": 0.0,
                    "min": 0.0,
                    "max": 0.0
                },
                "bad_cycles": {
                    "average": 0.0,
                    "min": 0.0,
                    "max": 0.0
                },
                "consumption": {
                    "average": 0.0025908645679010044,
                    "min": 0.0,
                    "max": 0.21589801909484266
                },
                "consumption_idle": {
                    "average": 0.0012660284954159283,
                    "min": 0.0,
                    "max": 0.01432597014259446
                },
                "consumption_working": {
                    "average": 0.005278610700021035,
                    "min": 0.0,
                    "max": 0.024018969243286975
                },
                "cost": {
                    "average": 0.002026220934115488,
                    "min": 0.0,
                    "max": 0.0
                },
                "cost_idle": {
                    "average": 0.0,
                    "min": 0.0,
                    "max": 0.0
                },
                "cost_working": {
                    "average": 0.0,
                    "min": 0.0,
                    "max": 0.0
                },
                "cycles": {
                    "average": 0.7741935483870968,
                    "min": 0.0,
                    "max": 16240.0
                },
                "good_cycles": {
                    "average": 1935.8064516129032,
                    "min": 0.0,
                    "max": 16240.0
                },
                "idle_time": {
                    "average": 0.0,
                    "min": 0.0,
                    "max": 0.0
                },
                "offline_time": {
                    "average": 0.0,
                    "min": 0.0,
                    "max": 0.0
                },
                "power": {
                    "average": 0.006006119308061655,
                    "min": 0.0,
                    "max": 0.12348694818434269
                },
                "working_time": {
                    "average": 0.0,
                    "min": 0.0,
                    "max": 0.0
                }
            }
        },
        {
            "month": "2024-04",
            "KPIs": {
                "average_cycle_time": {
                    "average": 0.0,
                    "min": 0.0,
                    "max": 0.0
                },
                "bad_cycles": {
                    "average": 0.0,
                    "min": 0.0,
                    "max": 0.0
                },
                "consumption": {
                    "average": 0.0022759866155978425,
                    "min": 0.0,
                    "max": 0.1769938642352348
                },
                "consumption_idle": {
                    "average": 0.0012911162030189755,
                    "min": 0.0,
                    "max": 0.010289319809402724
                },
                "consumption_working": {
                    "average": 0.004076653410325659,
                    "min": 0.0,
                    "max": 0.022873991931545885
                },
                "cost": {
                    "average": 0.0017105314975307633,
                    "min": 0.0,
                    "max": 0.0
                },
                "cost_idle": {
                    "average": 0.0,
                    "min": 0.0,
                    "max": 0.0
                },
                "cost_working": {
                    "average": 0.0,
                    "min": 0.0,
                    "max": 0.0
                },
                "cycles": {
                    "average": 0.5666666666666667,
                    "min": 0.0,
                    "max": 8961.0
                },
                "good_cycles": {
                    "average": 1685.2333333333333,
                    "min": 0.0,
                    "max": 8961.0
                },
                "idle_time": {
                    "average": 0.0,
                    "min": 0.0,
                    "max": 0.0
                },
                "offline_time": {
                    "average": 0.0,
                    "min": 0.0,
                    "max": 0.0
                },
                "power": {
                    "average": 0.006128998518818959,
                    "min": 0.0,
                    "max": 0.10110881793822209
                },
                "working_time": {
                    "average": 0.0,
                    "min": 0.0,
                    "max": 0.0
                }
            }
        },
        {
            "month": "2024-05",
            "KPIs": {
                "average_cycle_time": {
                    "average": 0.0,
                    "min": 0.0,
                    "max": 0.0
                },
                "bad_cycles": {
                    "average": 0.0,
                    "min": 0.0,
                    "max": 0.0
                },
                "consumption": {
                    "average": 0.003397524632616538,
                    "min": 0.0,
                    "max": 0.1913270378523434
                },
                "consumption_idle": {
                    "average": 0.002269647183899434,
                    "min": 0.0,
                    "max": 0.00955023447600619
                },
                "consumption_working": {
                    "average": 0.005502908022014094,
                    "min": 0.0,
                    "max": 0.016391037626410934
                },
                "cost": {
                    "average": 0.001435491370995632,
                    "min": 0.0,
                    "max": 0.12649360567056764
                },
                "cost_idle": {
                    "average": 0.0006375237014798935,
                    "min": 0.0,
                    "max": 0.0029627499637846838
                },
                "cost_working": {
                    "average": 0.001041266174200094,
                    "min": 0.0,
                    "max": 0.12649360567056764
                },
                "cycles": {
                    "average": 0.7741935483870968,
                    "min": 0.0,
                    "max": 15814.0
                },
                "good_cycles": {
                    "average": 2233.4193548387098,
                    "min": 0.0,
                    "max": 15814.0
                },
                "idle_time": {
                    "average": 0.0,
                    "min": 0.0,
                    "max": 0.0
                },
                "offline_time": {
                    "average": 0.0,
                    "min": 0.0,
                    "max": 0.0
                },
                "power": {
                    "average": 0.005595474635572592,
                    "min": 0.0,
                    "max": 0.11267438972301128
                },
                "working_time": {
                    "average": 0.0,
                    "min": 0.0,
                    "max": 0.0
                }
            }
        },
        {
            "month": "2024-06",
            "KPIs": {
                "average_cycle_time": {
                    "average": 0.0,
                    "min": 0.0,
                    "max": 0.0
                },
                "bad_cycles": {
                    "average": 0.0,
                    "min": 0.0,
                    "max": 0.0
                },
                "consumption": {
                    "average": 0.0028850615628795867,
                    "min": 0.0,
                    "max": 0.20039317306469204
                },
                "consumption_idle": {
                    "average": 0.0027640061214627503,