{
    "machine_id": "Large Capacity Cutting Machine 2",
    "monthly_summary": [
        {
            "month": "2024-03",
            "KPIs": {
                "average_cycle_time": {
                    "average": 0.0,
                    "min": 0.0,
                    "max": 0.0
                },
                "bad_cycles": {
                    "average": 0.0,
                    "min": 0.0,
                    "max": 0.0
                },
                "consumption": {
                    "average": 0.0009502908983908073,
                    "min": 0.0,
                    "max": 0.15497427194254568
                },
                "consumption_idle": {
                    "average": 0.0006513621264504764,
                    "min": 0.0,
                    "max": 0.03249318468435469
                },
                "consumption_working": {
                    "average": 0.00152712326133702,
                    "min": 0.0,
                    "max": 0.03329324345041983
                },
                "cost": {
                    "average": 0.000789856282015753,
                    "min": 0.0,
                    "max": 0.0
                },
                "cost_idle": {
                    "average": 0.0,
                    "min": 0.0,
                    "max": 0.0
                },
                "cost_working": {
                    "average": 0.0,
                    "min": 0.0,
                    "max": 0.0
                },
                "cycles": {
                    "average": 0.7419354838709677,
                    "min": 0.0,
                    "max": 18860.0
                },
                "good_cycles": {
                    "average": 651.0967741935484,
                    "min": 0.0,
                    "max": 18860.0
                },
                "idle_time": {
                    "average": 0.0,
                    "min": 0.0,
                    "max": 0.0
                },
                "offline_time": {
                    "average": 0.0,
                    "min": 0.0,
                    "max": 0.0
                },
                "power": {
                    "average": 0.0025818193261147593,
                    "min": 0.0,
                    "max": 0.07239881195819103
                },
                "working_time": {
                    "average": 0.0,
                    "min": 0.0,
                    "max": 0.0
                }
            }
        },
        {
            "month": "2024-04",
            "KPIs": {
                "average_cycle_time": {
                    "average": 0.0,
                    "min": 0.0,
                    "max": 0.0
                },
                "bad_cycles": {
                    "average": 0.0,
                    "min": 0.0,
                    "max": 0.0
                },
                "consumption": {
                    "average": 0.0025597608368831495,
                    "min": 0.0,
                    "max": 0.17832372642996996
                },
                "consumption_idle": {
                    "average": 0.0011946494359952587,
                    "min": 0.0,
                    "max": 0.010208672588558836
                },
                "consumption_working": {
                    "average": 0.0039722943634755035,
                    "min": 0.0,
                    "max": 0.019389461832989542
                },
                "cost": {
                    "average": 0.0013616512183223218,
                    "min": 0.0,
                    "max": 0.0
                },
                "cost_idle": {
                    "average": 0.0,
                    "min": 0.0,
                    "max": 0.0
                },
                "cost_working": {
                    "average": 0.0,
                    "min": 0.0,
                    "max": 0.0
                },
                "cycles": {
                    "average": 0.6,
                    "min": 0.0,
                    "max": 7408.0
                },
                "good_cycles": {
                    "average": 691.7333333333333,
                    "min": 0.0,
                    "max": 7408.0
                },
                "idle_time": {
                    "average": 0.0,
                    "min": 0.0,
                    "max": 0.0
                },
                "offline_time": {
                    "average": 0.0,
                    "min": 0.0,
                    "max": 0.0
                },
                "power": {
                    "average": 0.0065925754976923125,
                    "min": 0.0,
                    "max": 0.07624158190293048
                },
                "working_time": {
                    "average": 0.0,
                    "min": 0.0,
                    "max": 0.0
                }
            }
        },
        {
            "month": "2024-05",
            "KPIs": {
                "average_cycle_time": {
                    "average": 0.0,
                    "min": 0.0,
                    "max": 0.0
                },
                "bad_cycles": {
                    "average": 0.0,
                    "min": 0.0,
                    "max": 0.0
                },
                "consumption": {
                    "average": 0.002620779738696394,
                    "min": 0.0,
                    "max": 0.23373345240254229
                },
                "consumption_idle": {
                    "average": 0.0015352586606734134,
                    "min": 0.0,
                    "max": 0.007742642966397248
                },
                "consumption_working": {
                    "average": 0.0037561894104464863,
                    "min": 0.0,
                    "max": 0.022858690522967115
                },
                "cost": {
                    "average": 0.001308243488756798,
                    "min": 0.0,
                    "max": 0.03938205999162424
                },
                "cost_idle": {
                    "average": 0.000536145544340354,
                    "min": 0.0,
                    "max": 0.0032674747610026422
                },
                "cost_working": {
                    "average": 0.0007565786031298803,
                    "min": 0.0,
                    "max": 0.007328300447892282
                },
                "cycles": {
                    "average": 0.8064516129032258,
                    "min": 0.0,
                    "max": 10563.0
                },
                "good_cycles": {
                    "average": 1070.967741935484,
                    "min": 0.0,
                    "max": 10563.0
                },
                "idle_time": {
                    "average": 0.0,
                    "min": 0.0,
                    "max": 0.0
                },
                "offline_time": {
                    "average": 0.0,
                    "min": 0.0,
                    "max": 0.0
                },
                "power": {
                    "average": 0.007146581197261549,
                    "min": 0.0,
                    "max": 0.0861309483376512
                },
                "working_time": {
                    "average": 0.0,
                    "min": 0.0,
                    "max": 0.0
                }
            }
        },
        {
            "month": "2024-06",
            "KPIs": {
                "average_cycle_time": {
                    "average": 0.0,
                    "min": 0.0,
                    "max": 0.0
                },
                "bad_cycles": {
                    "average": 0.0,
                    "min": 0.0,
                    "max": 0.0
                },
                "consumption": {
                    "average": 0.0031928159939784606,
                    "min": 0.0,
                    "max": 0.12689691478050302
                },
                "consumption_idle": {
                    "average": 0.0017264520201841172,