{
    "machine_id": "Riveting Machine",
    "monthly_summary": [
        {
            "month": "2024-03",
            "KPIs": {
                "average_cycle_time": {
                    "average": 0.0,
                    "min": 0.0,
                    "max": 0.0
                },
                "bad_cycles": {
                    "average": 0.0,
                    "min": 0.0,
                    "max": 0.0
                },
                "consumption": {
                    "average": 6.593416685402065e-05,
                    "min": 0.0,
                    "max": 0.008165955315366477
                },
                "consumption_idle": {
                    "average": 1.6772730097130625e-05,
                    "min": 0.0,
                    "max": 7.174105581709327e-05
                },
                "consumption_working": {
                    "average": 0.00010912290382119438,
                    "min": 0.0,
                    "max": 0.0006752492465846916
                },
                "cost": {
                    "average": 4.518537011405444e-05,
                    "min": 0.0,
                    "max": 0.0
                },
                "cost_idle": {
                    "average": 0.0,
                    "min": 0.0,
                    "max": 0.0
                },
                "cost_working": {
                    "average": 0.0,
                    "min": 0.0,
                    "max": 0.0
                },
                "cycles": {
                    "average": 0.6451612903225806,
                    "min": 0.0,
                    "max": 11780.0
                },
                "good_cycles": {
                    "average": 999.4193548387096,
                    "min": 0.0,
                    "max": 11780.0
                },
                "idle_time": {
                    "average": 0.0,
                    "min": 0.0,
                    "max": 0.0
                },
                "offline_time": {
                    "average": 0.0,
                    "min": 0.0,
                    "max": 0.0
                },
                "power": {
                    "average": 0.00012781891251822196,
                    "min": 0.0,
                    "max": 0.0007139816250975274
                },
                "working_time": {
                    "average": 0.0,
                    "min": 0.0,
                    "max": 0.0
                }
            }
        },
        {
            "month": "2024-04",
            "KPIs": {
                "average_cycle_time": {
                    "average": 0.0,
                    "min": 0.0,
                    "max": 0.0
                },
                "bad_cycles": {
                    "average": 0.0,
                    "min": 0.0,
                    "max": 0.0
                },
                "consumption": {
                    "average": 5.09680290880758e-05,
                    "min": 0.0,
                    "max": 0.005709543552051823
                },
                "consumption_idle": {
                    "average": 9.578205731200302e-06,
                    "min": 0.0,
                    "max": 5.089747953180819e-05
                },
                "consumption_working": {
                    "average": 0.00011418538706549151,
                    "min": 0.0,
                    "max": 0.00026008365993615703
                },
                "cost": {
                    "average": 2.7848284823296877e-05,
                    "min": 0.0,
                    "max": 0.0
                },
                "cost_idle": {
                    "average": 0.0,
                    "min": 0.0,
                    "max": 0.0
                },
                "cost_working": {
                    "average": 0.0,
                    "min": 0.0,
                    "max": 0.0
                },
                "cycles": {
                    "average": 0.6,
                    "min": 0.0,
                    "max": 3966.0
                },
                "good_cycles": {
                    "average": 942.3333333333334,
                    "min": 0.0,
                    "max": 3966.0
                },
                "idle_time": {
                    "average": 0.0,
                    "min": 0.0,
                    "max": 0.0
                },
                "offline_time": {
                    "average": 0.0,
                    "min": 0.0,
                    "max": 0.0
                },
                "power": {
                    "average": 9.321562363038624e-05,
                    "min": 0.0,
                    "max": 0.001029582150326796
                },
                "working_time": {
                    "average": 0.0,
                    "min": 0.0,
                    "max": 0.0
                }
            }
        },
        {
            "month": "2024-05",
            "KPIs": {
                "average_cycle_time": {
                    "average": 0.0,
                    "min": 0.0,
                    "max": 0.0
                },
                "bad_cycles": {
                    "average": 0.0,
                    "min": 0.0,
                    "max": 0.0
                },
                "consumption": {
                    "average": 5.3291395444364376e-05,
                    "min": 0.0,
                    "max": 0.007274787335954055
                },
                "consumption_idle": {
                    "average": 1.4691456707192947e-05,
                    "min": 0.0,
                    "max": 3.755861017713255e-05
                },
                "consumption_working": {
                    "average": 0.00010490028890116939,
                    "min": 0.0,
                    "max": 0.0013334267970086181
                },
                "cost": {
                    "average": 0.0005309870433490734,
                    "min": 0.0,
                    "max": 0.0029589882763842693
                },
                "cost_idle": {
                    "average": 0.0005161290322580645,
                    "min": 0.0,
                    "max": 0.001
                },
                "cost_working": {
                    "average": 0.0005161290322580645,
                    "min": 0.0,
                    "max": 0.001
                },
                "cycles": {
                    "average": 0.7419354838709677,
                    "min": 0.0,
                    "max": 3213.0
                },
                "good_cycles": {
                    "average": 1090.0967741935483,
                    "min": 0.0,
                    "max": 3213.0
                },
                "idle_time": {
                    "average": 0.0,
                    "min": 0.0,
                    "max": 0.0
                },
                "offline_time": {
                    "average": 0.0,
                    "min": 0.0,
                    "max": 0.0
                },
                "power": {
                    "average": 0.00014525160502178123,
                    "min": 0.0,
                    "max": 0.0008299051252260112
                },
                "working_time": {
                    "average": 0.0,
                    "min": 0.0,
                    "max": 0.0
                }
            }
        },
        {
            "month": "2024-06",
            "KPIs": {
                "average_cycle_time": {
                    "average": 0.0,
                    "min": 0.0,
                    "max": 0.0
                },
                "bad_cycles": {
                    "average": 0.0,
                    "min": 0.0,
                    "max": 0.0
                },
                "consumption": {
                    "average": 5.0970285696620205e-05,
                    "min": 0.0,
                    "max": 0.0037811353272634665
                },
                "consumption_idle": {
                    "average": 1.0775643566429797e-05,
                    "min": 0.0,