{
    "machine_id": "Testing Machine 1",
    "monthly_summary": [
        {
            "month": "2024-03",
            "KPIs": {
                "average_cycle_time": {
                    "average": 0.0,
                    "min": 0.0,
                    "max": 0.0
                },
                "bad_cycles": {
                    "average": 0.0,
                    "min": 0.0,
                    "max": 0.0
                },
                "consumption": {
                    "average": 1.7630247097690623e-06,
                    "min": 0.0,
                    "max": 0.0003117544872103008
                },
                "consumption_idle": {
                    "average": 9.673769021249745e-07,
                    "min": 0.0,
                    "max": 3.493676502145316e-05
                },
                "consumption_working": {
                    "average": 2.8154765859691726e-06,
                    "min": 0.0,
                    "max": 3.0420626741449456e-05
                },
                "cost": {
                    "average": 1.3490456234623626e-06,
                    "min": 0.0,
                    "max": 0.0
                },
                "cost_idle": {
                    "average": 0.0,
                    "min": 0.0,
                    "max": 0.0
                },
                "cost_working": {
                    "average": 0.0,
                    "min": 0.0,
                    "max": 0.0
                },
                "cycles": {
                    "average": 0.3870967741935484,
                    "min": 0.0,
                    "max": 372.0
                },
                "good_cycles": {
                    "average": 19.193548387096776,
                    "min": 0.0,
                    "max": 372.0
                },
                "idle_time": {
                    "average": 0.0,
                    "min": 0.0,
                    "max": 0.0
                },
                "offline_time": {
                    "average": 0.0,
                    "min": 0.0,
                    "max": 0.0
                },
                "power": {
                    "average": 3.6403532774832346e-06,
                    "min": 0.0,
                    "max": 0.00010600363125669185
                },
                "working_time": {
                    "average": 0.0,
                    "min": 0.0,
                    "max": 0.0
                }
            }
        },
        {
            "month": "2024-04",
            "KPIs": {
                "average_cycle_time": {
                    "average": 0.0,
                    "min": 0.0,
                    "max": 0.0
                },
                "bad_cycles": {
                    "average": 0.0,
                    "min": 0.0,
                    "max": 0.0
                },
                "consumption": {
                    "average": 2.6729127974028154e-06,
                    "min": 0.0,
                    "max": 0.00033360187399472
                },
                "consumption_idle": {
                    "average": 3.543723649312875e-07,
                    "min": 0.0,
                    "max": 4.3280150637048254e-06
                },
                "consumption_working": {
                    "average": 5.7235076093137566e-06,
                    "min": 0.0,
                    "max": 3.2587387093046146e-05
                },
                "cost": {
                    "average": 2.1144364155038894e-06,
                    "min": 0.0,
                    "max": 0.0
                },
                "cost_idle": {
                    "average": 0.0,
                    "min": 0.0,
                    "max": 0.0
                },
                "cost_working": {
                    "average": 0.0,
                    "min": 0.0,
                    "max": 0.0
                },
                "cycles": {
                    "average": 0.6,
                    "min": 0.0,
                    "max": 118.0
                },
                "good_cycles": {
                    "average": 16.2,
                    "min": 0.0,
                    "max": 118.0
                },
                "idle_time": {
                    "average": 0.0,
                    "min": 0.0,
                    "max": 0.0
                },
                "offline_time": {
                    "average": 0.0,
                    "min": 0.0,
                    "max": 0.0
                },
                "power": {
                    "average": 8.198128137278683e-06,
                    "min": 0.0,
                    "max": 0.0008057243095318553
                },
                "working_time": {
                    "average": 0.0,
                    "min": 0.0,
                    "max": 0.0
                }
            }
        },
        {
            "month": "2024-05",
            "KPIs": {
                "average_cycle_time": {
                    "average": 0.0,
                    "min": 0.0,
                    "max": 0.0
                },
                "bad_cycles": {
                    "average": 0.0,
                    "min": 0.0,
                    "max": 0.0
                },
                "consumption": {
                    "average": 2.300869429943583e-06,
                    "min": 0.0,
                    "max": 0.00044508738391567913
                },
                "consumption_idle": {
                    "average": 1.3700759505289897e-07,
                    "min": 0.0,
                    "max": 8.249944205855055e-06
                },
                "consumption_working": {
                    "average": 5.648322457976807e-06,
                    "min": 0.0,
                    "max": 2.8399637298144857e-05
                },
                "cost": {
                    "average": 0.00025889684071823667,
                    "min": 0.0,
                    "max": 0.002
                },
                "cost_idle": {
                    "average": 0.00022580809805052332,
                    "min": 0.0,
                    "max": 0.001
                },
                "cost_working": {
                    "average": 0.00025806451612903227,
                    "min": 0.0,
                    "max": 0.001
                },
                "cycles": {
                    "average": 0.5483870967741935,
                    "min": 0.0,
                    "max": 153.0
                },
                "good_cycles": {
                    "average": 20.06451612903226,
                    "min": 0.0,
                    "max": 153.0
                },
                "idle_time": {
                    "average": 0.0,
                    "min": 0.0,
                    "max": 0.0
                },
                "offline_time": {
                    "average": 0.0,
                    "min": 0.0,
                    "max": 0.0
                },
                "power": {
                    "average": 6.354903544343449e-06,
                    "min": 0.0,
                    "max": 0.0002708032427365422
                },
                "working_time": {
                    "average": 0.0,
                    "min": 0.0,
                    "max": 0.0
                }
            }
        },
        {
            "month": "2024-06",
            "KPIs": {
                "average_cycle_time": {
                    "average": 0.0,
                    "min": 0.0,
                    "max": 0.0
                },
                "bad_cycles": {
                    "average": 0.0,
                    "min": 0.0,
                    "max": 0.0
                },
                "consumption": {
                    "average": 0.0,
                    "min": 0.0,
                    "max": 0.0
                },
                "consumption_idle": {
                    "average": 0.0,
                    "min": 0.0,
                    "max": 0.0
                },