{
    "machine_id": "Medium Capacity Cutting Machine 1",
    "month": "2024-05",
    "KPIs": {
        "average_cycle_time": {
            "average": 0.0,
            "min": 0.0,
            "max": 0.0
        },
        "bad_cycles": {
            "average": 0.0,
            "min": 0.0,
            "max": 0.0
        },
        "consumption": {
            "average": 0.003397524632616538,
            "min": 0.0,
            "max": 0.1913270378523434
        },
        "consumption_idle": {
            "average": 0.002269647183899434,
            "min": 0.0,
            "max": 0.00955023447600619
        },
        "consumption_working": {
            "average": 0.005502908022014094,
            "min": 0.0,
            "max": 0.016391037626410934
        },
        "cost": {
            "average": 0.001435491370995632,
            "min": 0.0,
            "max": 0.12649360567056764
        },
        "cost_idle": {
            "average": 0.0006375237014798935,
            "min": 0.0,
            "max": 0.0029627499637846838
        },
        "cost_working": {
            "average": 0.001041266174200094,
            "min": 0.0,
            "max": 0.12649360567056764
        },
        "cycles": {
            "average": 0.7741935483870968,
            "min": 0.0,
            "max": 15814.0
        },
        "good_cycles": {
            "average": 2233.4193548387098,
            "min": 0.0,
            "max": 15814.0
        },
        "idle_time": {
            "average": 0.0,
            "min": 0.0,
            "max": 0.0
        },
        "offline_time": {
            "average": 0.0,
            "min": 0.0,
            "max": 0.0
        },
        "power": {
            "average": 0.005595474635572592,
            "min": 0.0,
            "max": 0.11267438972301128
        },
        "working_time": {
            "average": 0.0,
            "min": 0.0,
            "max": 0.0
        }
    }
}