{
    "machine_id": "Medium Capacity Cutting Machine 1",
    "month": "2024-06",
    "KPIs": {
        "average_cycle_time": {
            "average": 0.0,
            "min": 0.0,
            "max": 0.0
        },
        "bad_cycles": {
            "average": 0.0,
            "min": 0.0,
            "max": 0.0
        },
        "consumption": {
            "average": 0.0028850615628795867,
            "min": 0.0,
            "max": 0.20039317306469204
        },
        "consumption_idle": {
            "average": 0.0027640061214627503,
            "min": 0.0,
            "max": 0.013557516418434768
        },
        "consumption_working": {
            "average": 0.0028624690702282857,
            "min": 0.0,
            "max": 0.02968236726641931
        },
        "cost": {
            "average": 0.0013102502497985237,
            "min": 0.0,
            "max": 0.06458761899597865
        },
        "cost_idle": {
            "average": 0.0009741361996633076,
            "min": 0.0,
            "max": 0.0045513041008410846
        },
        "cost_working": {
            "average": 0.008421635037225986,
            "min": 0.0,
            "max": 0.008011199600244814
        },
        "cycles": {
            "average": 0.7,
            "min": 0.0,
            "max": 12005.0
        },
        "good_cycles": {
            "average": 1447.1,
            "min": 0.0,
            "max": 12005.0
        },
        "idle_time": {
            "average": 0.0,
            "min": 0.0,
            "max": 0.0
        },
        "offline_time": {
            "average": 0.0,
            "min": 0.0,
            "max": 0.0
        },
        "power": {
            "average": 0.0064476724672157554,
            "min": 0.0,
            "max": 0.15136994573428575
        },
        "working_time": {
            "average": 0.0,
            "min": 0.0,
            "max": 0.0
        }
    }
}