{
    "machine_id": "Medium Capacity Cutting Machine 1",
    "month": "2024-09",
    "KPIs": {
        "average_cycle_time": {
            "average": 1.160644984501508,
            "min": 0.0,
            "max": 41.683580503457435
        },
        "bad_cycles": {
            "average": 0.0,
            "min": 0.0,
            "max": 0.0
        },
        "consumption": {
            "average": 0.0026192264094770075,
            "min": 0.0,
            "max": 0.14672479873421287
        },
        "consumption_idle": {
            "average": 0.00122706760661088,
            "min": 0.0,
            "max": 0.007021113769742493
        },
        "consumption_working": {
            "average": 0.0058214590056881056,
            "min": 0.0,
            "max": 0.027410401086936043
        },
        "cost": {
            "average": 0.0011275242804803186,
            "min": 0.0,
            "max": 0.15519726315252197
        },
        "cost_idle": {
            "average": 0.0007218506173301304,
            "min": 0.0,
            "max": 0.00214423869411528
        },
        "cost_working": {
            "average": 0.0014571957763507212,
            "min": 0.0,
            "max": 0.15519726315252197
        },
        "cycles": {
            "average": 0.6,
            "min": 0.0,
            "max": 12481.0
        },
        "good_cycles": {
            "average": 1278.9333333333334,
            "min": 0.0,
            "max": 12481.0
        },
        "idle_time": {
            "average": 8222.5,
            "min": 0.0,
            "max": 53449.0
        },
        "offline_time": {
            "average": 582.9333333333333,
            "min": 0.0,
            "max": 3024.0
        },
        "power": {
            "average": 0.006738513932652829,
            "min": 0.0,
            "max": 0.14240690289638802
        },
        "working_time": {
            "average": 10815.733333333334,
            "min": 0.0,
            "max": 48484.0
        }
    }
}