{
    "machine_id": "Medium Capacity Cutting Machine 1",
    "month": "2024-04",
    "KPIs": {
        "average_cycle_time": {
            "average": 0.0,
            "min": 0.0,
            "max": 0.0
        },
        "bad_cycles": {
            "average": 0.0,
            "min": 0.0,
            "max": 0.0
        },
        "consumption": {
            "average": 0.0022759866155978425,
            "min": 0.0,
            "max": 0.1769938642352348
        },
        "consumption_idle": {
            "average": 0.0012911162030189755,
            "min": 0.0,
            "max": 0.010289319809402724
        },
        "consumption_working": {
            "average": 0.004076653410325659,
            "min": 0.0,
            "max": 0.022873991931545885
        },
        "cost": {
            "average": 0.0017105314975307633,
            "min": 0.0,
            "max": 0.0
        },
        "cost_idle": {
            "average": 0.0,
            "min": 0.0,
            "max": 0.0
        },
        "cost_working": {
            "average": 0.0,
            "min": 0.0,
            "max": 0.0
        },
        "cycles": {
            "average": 0.5666666666666667,
            "min": 0.0,
            "max": 8961.0
        },
        "good_cycles": {
            "average": 1685.2333333333333,
            "min": 0.0,
            "max": 8961.0
        },
        "idle_time": {
            "average": 0.0,
            "min": 0.0,
            "max": 0.0
        },
        "offline_time": {
            "average": 0.0,
            "min": 0.0,
            "max": 0.0
        },
        "power": {
            "average": 0.006128998518818959,
            "min": 0.0,
            "max": 0.10110881793822209
        },
        "working_time": {
            "average": 0.0,
            "min": 0.0,
            "max": 0.0
        }
    }
}