{
    "Large Capacity Cutting Machine 1": {
        "working_time": {
            "sum": {
                "count": 233.0,
                "mean": 4276.437768240344,
                "std": 10856.303307960288,
                "min": 0.0,
                "25%": 0.0,
                "50%": 0.0,
                "75%": 0.0,
                "max": 49542.0
            },
            "avg": {
                "count": 233.0,
                "mean": 4276.437768240344,
                "std": 10856.303307960288,
                "min": 0.0,
                "25%": 0.0,
                "50%": 0.0,
                "75%": 0.0,
                "max": 49542.0
            },
            "min": {
                "count": 233.0,
                "mean": 4276.437768240344,
                "std": 10856.303307960288,
                "min": 0.0,
                "25%": 0.0,
                "50%": 0.0,
                "75%": 0.0,
                "max": 49542.0
            },
            "max": {
                "count": 233.0,
                "mean": 4276.437768240344,
                "std": 10856.303307960288,
                "min": 0.0,
                "25%": 0.0,
                "50%": 0.0,
                "75%": 0.0,
                "max": 49542.0
            }
        }
    }
}