{
    "machine_id": "Riveting Machine",
    "month": "2024-03",
    "KPIs": {
        "average_cycle_time": {
            "average": 0.0,
            "min": 0.0,
            "max": 0.0
        },
        "bad_cycles": {
            "average": 0.0,
            "min": 0.0,
            "max": 0.0
        },
        "consumption": {
            "average": 6.593416685402065e-05,
            "min": 0.0,
            "max": 0.008165955315366477
        },
        "consumption_idle": {
            "average": 1.6772730097130625e-05,
            "min": 0.0,
            "max": 7.174105581709327e-05
        },
        "consumption_working": {
            "average": 0.00010912290382119438,
            "min": 0.0,
            "max": 0.0006752492465846916
        },
        "cost": {
            "average": 4.518537011405444e-05,
            "min": 0.0,
            "max": 0.0
        },
        "cost_idle": {
            "average": 0.0,
            "min": 0.0,
            "max": 0.0
        },
        "cost_working": {
            "average": 0.0,
            "min": 0.0,
            "max": 0.0
        },
        "cycles": {
            "average": 0.6451612903225806,
            "min": 0.0,
            "max": 11780.0
        },
        "good_cycles": {
            "average": 999.4193548387096,
            "min": 0.0,
            "max": 11780.0
        },
        "idle_time": {
            "average": 0.0,
            "min": 0.0,
            "max": 0.0
        },
        "offline_time": {
            "average": 0.0,
            "min": 0.0,
            "max": 0.0
        },
        "power": {
            "average": 0.00012781891251822196,
            "min": 0.0,
            "max": 0.0007139816250975274
        },
        "working_time": {
            "average": 0.0,
            "min": 0.0,
            "max": 0.0
        }
    }
}