{
    "machine_id": "Medium Capacity Cutting Machine 1",
    "month": "2024-03",
    "KPIs": {
        "average_cycle_time": {
            "average": 0.0,
            "min": 0.0,
            "max": 0.0
        },
        "bad_cycles": {
            "average": 0.0,
            "min": 0.0,
            "max": 0.0
        },
        "consumption": {
            "average": 0.0025908645679010044,
            "min": 0.0,
            "max": 0.21589801909484266
        },
        "consumption_idle": {
            "average": 0.0012660284954159283,
            "min": 0.0,
            "max": 0.01432597014259446
        },
        "consumption_working": {
            "average": 0.005278610700021035,
            "min": 0.0,
            "max": 0.024018969243286975
        },
        "cost": {
            "average": 0.002026220934115488,
            "min": 0.0,
            "max": 0.0
        },
        "cost_idle": {
            "average": 0.0,
            "min": 0.0,
            "max": 0.0
        },
        "cost_working": {
            "average": 0.0,
            "min": 0.0,
            "max": 0.0
        },
        "cycles": {
            "average": 0.7741935483870968,
            "min": 0.0,
            "max": 16240.0
        },
        "good_cycles": {
            "average": 1935.8064516129032,
            "min": 0.0,
            "max": 16240.0
        },
        "idle_time": {
            "average": 0.0,
            "min": 0.0,
            "max": 0.0
        },
        "offline_time": {
            "average": 0.0,
            "min": 0.0,
            "max": 0.0
        },
        "power": {
            "average": 0.006006119308061655,
            "min": 0.0,
            "max": 0.12348694818434269
        },
        "working_time": {
            "average": 0.0,
            "min": 0.0,
            "max": 0.0
        }
    }
}