{
    "machine_id": "Medium Capacity Cutting Machine 2",
    "month": "2024-03",
    "KPIs": {
        "average_cycle_time": {
            "average": 0.0,
            "min": 0.0,
            "max": 0.0
        },
        "bad_cycles": {
            "average": 0.0,
            "min": 0.0,
            "max": 0.0
        },
        "consumption": {
            "average": 0.0023731402496540857,
            "min": 0.0,
            "max": 0.3199285622525932
        },
        "consumption_idle": {
            "average": 0.0010540869556586408,
            "min": 0.0,
            "max": 0.014760961954663865
        },
        "consumption_working": {
            "average": 0.003713141006560274,
            "min": 0.0,
            "max": 0.023394668436348853
        },
        "cost": {
            "average": 0.00150412750871346,
            "min": 0.0,
            "max": 0.0
        },
        "cost_idle": {
            "average": 0.0,
            "min": 0.0,
            "max": 0.0
        },
        "cost_working": {
            "average": 0.0,
            "min": 0.0,
            "max": 0.0
        },
        "cycles": {
            "average": 0.7096774193548387,
            "min": 0.0,
            "max": 24298.0
        },
        "good_cycles": {
            "average": 1822.032258064516,
            "min": 0.0,
            "max": 24298.0
        },
        "idle_time": {
            "average": 0.0,
            "min": 0.0,
            "max": 0.0
        },
        "offline_time": {
            "average": 0.0,
            "min": 0.0,
            "max": 0.0
        },
        "power": {
            "average": 0.004952443803414934,
            "min": 0.0,
            "max": 0.06434539854559689
        },
        "working_time": {
            "average": 0.0,
            "min": 0.0,
            "max": 0.0
        }
    }
}