{
    "machine_id": "Testing Machine 1",
    "month": "2024-03",
    "KPIs": {
        "average_cycle_time": {
            "average": 0.0,
            "min": 0.0,
            "max": 0.0
        },
        "bad_cycles": {
            "average": 0.0,
            "min": 0.0,
            "max": 0.0
        },
        "consumption": {
            "average": 1.7630247097690623e-06,
            "min": 0.0,
            "max": 0.0003117544872103008
        },
        "consumption_idle": {
            "average": 9.673769021249745e-07,
            "min": 0.0,
            "max": 3.493676502145316e-05
        },
        "consumption_working": {
            "average": 2.8154765859691726e-06,
            "min": 0.0,
            "max": 3.0420626741449456e-05
        },
        "cost": {
            "average": 1.3490456234623626e-06,
            "min": 0.0,
            "max": 0.0
        },
        "cost_idle": {
            "average": 0.0,
            "min": 0.0,
            "max": 0.0
        },
        "cost_working": {
            "average": 0.0,
            "min": 0.0,
            "max": 0.0
        },
        "cycles": {
            "average": 0.3870967741935484,
            "min": 0.0,
            "max": 372.0
        },
        "good_cycles": {
            "average": 19.193548387096776,
            "min": 0.0,
            "max": 372.0
        },
        "idle_time": {
            "average": 0.0,
            "min": 0.0,
            "max": 0.0
        },
        "offline_time": {
            "average": 0.0,
            "min": 0.0,
            "max": 0.0
        },
        "power": {
            "average": 3.6403532774832346e-06,
            "min": 0.0,
            "max": 0.00010600363125669185
        },
        "working_time": {
            "average": 0.0,
            "min": 0.0,
            "max": 0.0
        }
    }
}