{
    "machine_id": "Large Capacity Cutting Machine 1",
    "month": "2024-03",
    "KPIs": {
        "average_cycle_time": {
            "average": 0.0,
            "min": 0.0,
            "max": 0.0
        },
        "bad_cycles": {
            "average": 0.0,
            "min": 0.0,
            "max": 0.0
        },
        "consumption": {
            "average": 0.0013015137854767644,
            "min": 0.0,
            "max": 0.09477750094431775
        },
        "consumption_idle": {
            "average": 0.0004203452003983412,
            "min": 0.0,
            "max": 0.0024920118485895794
        },
        "consumption_working": {
            "average": 0.0021111835419563543,
            "min": 0.0,
            "max": 0.017477024244629727
        },
        "cost": {
            "average": 0.0007648453461734984,
            "min": 0.0,
            "max": 0.0
        },
        "cost_idle": {
            "average": 0.0,
            "min": 0.0,
            "max": 0.0
        },
        "cost_working": {
            "average": 0.0,
            "min": 0.0,
            "max": 0.0
        },
        "cycles": {
            "average": 0.6451612903225806,
            "min": 0.0,
            "max": 28754.0
        },
        "good_cycles": {
            "average": 1228.6129032258063,
            "min": 0.0,
            "max": 28754.0
        },
        "idle_time": {
            "average": 0.0,
            "min": 0.0,
            "max": 0.0
        },
        "offline_time": {
            "average": 0.0,
            "min": 0.0,
            "max": 0.0
        },
        "power": {
            "average": 0.0028015846972911963,
            "min": 0.0,
            "max": 0.08007309150809613
        },
        "working_time": {
            "average": 0.0,
            "min": 0.0,
            "max": 0.0
        }
    }
}