{
    "machine_id": "Large Capacity Cutting Machine 2",
    "month": "2024-05",
    "KPIs": {
        "average_cycle_time": {
            "average": 0.0,
            "min": 0.0,
            "max": 0.0
        },
        "bad_cycles": {
            "average": 0.0,
            "min": 0.0,
            "max": 0.0
        },
        "consumption": {
            "average": 0.002620779738696394,
            "min": 0.0,
            "max": 0.23373345240254229
        },
        "consumption_idle": {
            "average": 0.0015352586606734134,
            "min": 0.0,
            "max": 0.007742642966397248
        },
        "consumption_working": {
            "average": 0.0037561894104464863,
            "min": 0.0,
            "max": 0.022858690522967115
        },
        "cost": {
            "average": 0.001308243488756798,
            "min": 0.0,
            "max": 0.03938205999162424
        },
        "cost_idle": {
            "average": 0.000536145544340354,
            "min": 0.0,
            "max": 0.0032674747610026422
        },
        "cost_working": {
            "average": 0.0007565786031298803,
            "min": 0.0,
            "max": 0.007328300447892282
        },
        "cycles": {
            "average": 0.8064516129032258,
            "min": 0.0,
            "max": 10563.0
        },
        "good_cycles": {
            "average": 1070.967741935484,
            "min": 0.0,
            "max": 10563.0
        },
        "idle_time": {
            "average": 0.0,
            "min": 0.0,
            "max": 0.0
        },
        "offline_time": {
            "average": 0.0,
            "min": 0.0,
            "max": 0.0
        },
        "power": {
            "average": 0.007146581197261549,
            "min": 0.0,
            "max": 0.0861309483376512
        },
        "working_time": {
            "average": 0.0,
            "min": 0.0,
            "max": 0.0
        }
    }
}