{
    "machine_id": "Large Capacity Cutting Machine 2",
    "month": "2024-04",
    "KPIs": {
        "average_cycle_time": {
            "average": 0.0,
            "min": 0.0,
            "max": 0.0
        },
        "bad_cycles": {
            "average": 0.0,
            "min": 0.0,
            "max": 0.0
        },
        "consumption": {
            "average": 0.0025597608368831495,
            "min": 0.0,
            "max": 0.17832372642996996
        },
        "consumption_idle": {
            "average": 0.0011946494359952587,
            "min": 0.0,
            "max": 0.010208672588558836
        },
        "consumption_working": {
            "average": 0.0039722943634755035,
            "min": 0.0,
            "max": 0.019389461832989542
        },
        "cost": {
            "average": 0.0013616512183223218,
            "min": 0.0,
            "max": 0.0
        },
        "cost_idle": {
            "average": 0.0,
            "min": 0.0,
            "max": 0.0
        },
        "cost_working": {
            "average": 0.0,
            "min": 0.0,
            "max": 0.0
        },
        "cycles": {
            "average": 0.6,
            "min": 0.0,
            "max": 7408.0
        },
        "good_cycles": {
            "average": 691.7333333333333,
            "min": 0.0,
            "max": 7408.0
        },
        "idle_time": {
            "average": 0.0,
            "min": 0.0,
            "max": 0.0
        },
        "offline_time": {
            "average": 0.0,
            "min": 0.0,
            "max": 0.0
        },
        "power": {
            "average": 0.0065925754976923125,
            "min": 0.0,
            "max": 0.07624158190293048
        },
        "working_time": {
            "average": 0.0,
            "min": 0.0,
            "max": 0.0
        }
    }
}