{
    "machine_id": "Large Capacity Cutting Machine 2",
    "month": "2024-03",
    "KPIs": {
        "average_cycle_time": {
            "average": 0.0,
            "min": 0.0,
            "max": 0.0
        },
        "bad_cycles": {
            "average": 0.0,
            "min": 0.0,
            "max": 0.0
        },
        "consumption": {
            "average": 0.0009502908983908073,
            "min": 0.0,
            "max": 0.15497427194254568
        },
        "consumption_idle": {
            "average": 0.0006513621264504764,
            "min": 0.0,
            "max": 0.03249318468435469
        },
        "consumption_working": {
            "average": 0.00152712326133702,
            "min": 0.0,
            "max": 0.03329324345041983
        },
        "cost": {
            "average": 0.000789856282015753,
            "min": 0.0,
            "max": 0.0
        },
        "cost_idle": {
            "average": 0.0,
            "min": 0.0,
            "max": 0.0
        },
        "cost_working": {
            "average": 0.0,
            "min": 0.0,
            "max": 0.0
        },
        "cycles": {
            "average": 0.7419354838709677,
            "min": 0.0,
            "max": 18860.0
        },
        "good_cycles": {
            "average": 651.0967741935484,
            "min": 0.0,
            "max": 18860.0
        },
        "idle_time": {
            "average": 0.0,
            "min": 0.0,
            "max": 0.0
        },
        "offline_time": {
            "average": 0.0,
            "min": 0.0,
            "max": 0.0
        },
        "power": {
            "average": 0.0025818193261147593,
            "min": 0.0,
            "max": 0.07239881195819103
        },
        "working_time": {
            "average": 0.0,
            "min": 0.0,
            "max": 0.0
        }
    }
}