{
    "machine_id": "Large Capacity Cutting Machine 2",
    "month": "2024-06",
    "KPIs": {
        "average_cycle_time": {
            "average": 0.0,
            "min": 0.0,
            "max": 0.0
        },
        "bad_cycles": {
            "average": 0.0,
            "min": 0.0,
            "max": 0.0
        },
        "consumption": {
            "average": 0.0031928159939784606,
            "min": 0.0,
            "max": 0.12689691478050302
        },
        "consumption_idle": {
            "average": 0.0017264520201841172,
            "min": 0.0,
            "max": 0.012336830789756156
        },
        "consumption_working": {
            "average": 0.005289492290049452,
            "min": 0.0,
            "max": 0.03868399103789259
        },
        "cost": {
            "average": 0.001350463089407571,
            "min": 0.0,
            "max": 0.11105368553648409
        },
        "cost_idle": {
            "average": 0.0008989859268735062,
            "min": 0.0,
            "max": 0.0030009880753728646
        },
        "cost_working": {
            "average": 0.0019934380783973283,
            "min": 0.0,
            "max": 0.11105368553648409
        },
        "cycles": {
            "average": 0.7333333333333333,
            "min": 0.0,
            "max": 8587.0
        },
        "good_cycles": {
            "average": 1373.9666666666667,
            "min": 0.0,
            "max": 8587.0
        },
        "idle_time": {
            "average": 0.0,
            "min": 0.0,
            "max": 0.0
        },
        "offline_time": {
            "average": 0.0,
            "min": 0.0,
            "max": 0.0
        },
        "power": {
            "average": 0.008618578417629431,
            "min": 0.0,
            "max": 0.08910863282464596
        },
        "working_time": {
            "average": 0.0,
            "min": 0.0,
            "max": 0.0
        }
    }
}