{
    "machine_id": "Large Capacity Cutting Machine 2",
    "month": "2024-07",
    "KPIs": {
        "average_cycle_time": {
            "average": 0.0,
            "min": 0.0,
            "max": 0.0
        },
        "bad_cycles": {
            "average": 0.0,
            "min": 0.0,
            "max": 0.0
        },
        "consumption": {
            "average": 0.004084130481014942,
            "min": 0.0,
            "max": 0.40595054245834494
        },
        "consumption_idle": {
            "average": 0.0017034537640351751,
            "min": 0.0,
            "max": 0.2152188023478924
        },
        "consumption_working": {
            "average": 0.007860730067022956,
            "min": 0.0,
            "max": 0.06753763298965165
        },
        "cost": {
            "average": 0.0017896116859458073,
            "min": 0.0,
            "max": 0.1380437187784887
        },
        "cost_idle": {
            "average": 0.0010350138529611806,
            "min": 0.0,
            "max": 0.1038314721982007
        },
        "cost_working": {
            "average": 0.004777317166891841,
            "min": 0.0,
            "max": 0.056120546415017035
        },
        "cycles": {
            "average": 0.8064516129032258,
            "min": 0.0,
            "max": 37971.0
        },
        "good_cycles": {
            "average": 2542.0967741935483,
            "min": 0.0,
            "max": 37971.0
        },
        "idle_time": {
            "average": 0.0,
            "min": 0.0,
            "max": 0.0
        },
        "offline_time": {
            "average": 0.0,
            "min": 0.0,
            "max": 0.0
        },
        "power": {
            "average": 0.009343604011910178,
            "min": 0.0,
            "max": 0.08345605969774181
        },
        "working_time": {
            "average": 0.0,
            "min": 0.0,
            "max": 0.0
        }
    }
}