{
    "machine_id": "Low Capacity Cutting Machine 1",
    "month": "2024-09",
    "KPIs": {
        "average_cycle_time": {
            "average": 0.0,
            "min": 0.0,
            "max": 0.0
        },
        "bad_cycles": {
            "average": 0.0,
            "min": 0.0,
            "max": 0.0
        },
        "consumption": {
            "average": 0.0013930788099351431,
            "min": 0.0,
            "max": 0.08843065177766729
        },
        "consumption_idle": {
            "average": 3.693539414371555e-05,
            "min": 0.0,
            "max": 0.0013162108689411148
        },
        "consumption_working": {
            "average": 0.0026249612829406473,
            "min": 0.0,
            "max": 0.014558157865188317
        },
        "cost": {
            "average": 0.0008477600416073706,
            "min": 0.0,
            "max": 0.12016259230078903
        },
        "cost_idle": {
            "average": 0.0006666666666666666,
            "min": 0.0,
            "max": 0.06018693356185115
        },
        "cost_working": {
            "average": 0.0009517347211473362,
            "min": 0.0,
            "max": 0.12016259230078903
        },
        "cycles": {
            "average": 0.0,
            "min": 0.0,
            "max": 0.0
        },
        "good_cycles": {
            "average": 0.0,
            "min": 0.0,
            "max": 0.0
        },
        "idle_time": {
            "average": 1066.6,
            "min": 0.0,
            "max": 18221.0
        },
        "offline_time": {
            "average": 760.9333333333333,
            "min": 0.0,
            "max": 2531.0
        },
        "power": {
            "average": 0.0032274179248051363,
            "min": 0.0,
            "max": 0.034064657336204535
        },
        "working_time": {
            "average": 20766.966666666667,
            "min": 0.0,
            "max": 63193.0
        }
    }
}