{
    "machine_id": "Low Capacity Cutting Machine 1",
    "month": "2024-06",
    "KPIs": {
        "average_cycle_time": {
            "average": 0.0,
            "min": 0.0,
            "max": 0.0
        },
        "bad_cycles": {
            "average": 0.0,
            "min": 0.0,
            "max": 0.0
        },
        "consumption": {
            "average": 0.001120616298202227,
            "min": 0.0,
            "max": 0.09609761767970491
        },
        "consumption_idle": {
            "average": 4.2527077913799884e-05,
            "min": 0.0,
            "max": 0.001482693648841612
        },
        "consumption_working": {
            "average": 0.00251489541800515,
            "min": 0.0,
            "max": 0.015977022180941575
        },
        "cost": {
            "average": 0.0008162202481270056,
            "min": 0.0,
            "max": 0.09730809341174222
        },
        "cost_idle": {
            "average": 0.0004773210406020771,
            "min": 0.0,
            "max": 0.09730809341174222
        },
        "cost_working": {
            "average": 0.0008904662786776945,
            "min": 0.0,
            "max": 0.007908050241351286
        },
        "cycles": {
            "average": 0.0,
            "min": 0.0,
            "max": 0.0
        },
        "good_cycles": {
            "average": 0.0,
            "min": 0.0,
            "max": 0.0
        },
        "idle_time": {
            "average": 0.0,
            "min": 0.0,
            "max": 0.0
        },
        "offline_time": {
            "average": 0.0,
            "min": 0.0,
            "max": 0.0
        },
        "power": {
            "average": 0.0023753575661142,
            "min": 0.0,
            "max": 0.021177278665163196
        },
        "working_time": {
            "average": 0.0,
            "min": 0.0,
            "max": 0.0
        }
    }
}