{
    "machine_id": "Low Capacity Cutting Machine 1",
    "month": "2024-10",
    "KPIs": {
        "average_cycle_time": {
            "average": 0.10506570527505807,
            "min": 0.0,
            "max": 1.0168768101100663
        },
        "bad_cycles": {
            "average": 0.0,
            "min": 0.0,
            "max": 0.0
        },
        "consumption": {
            "average": 0.0017237902577543975,
            "min": 0.0,
            "max": 0.1517222204147629
        },
        "consumption_idle": {
            "average": 0.0002238931394416549,
            "min": 0.0,
            "max": 0.1517222204147629
        },
        "consumption_working": {
            "average": 0.003380593122599153,
            "min": 0.0,
            "max": 0.010569007450653528
        },
        "cost": {
            "average": 0.0008856114578691391,
            "min": 0.0,
            "max": 0.028118183529795795
        },
        "cost_idle": {
            "average": 0.0006842176225153272,
            "min": 0.0,
            "max": 0.001
        },
        "cost_working": {
            "average": 0.0010183321830639436,
            "min": 0.0,
            "max": 0.004114290370758724
        },
        "cycles": {
            "average": 0.10526315789473684,
            "min": 0.0,
            "max": 14602.0
        },
        "good_cycles": {
            "average": 367.7368421052632,
            "min": 0.0,
            "max": 14602.0
        },
        "idle_time": {
            "average": 4825.9473684210525,
            "min": 0.0,
            "max": 21929.0
        },
        "offline_time": {
            "average": 766.7368421052631,
            "min": 0.0,
            "max": 2896.0
        },
        "power": {
            "average": 0.003918116596242237,
            "min": 0.0,
            "max": 0.06169186039843824
        },
        "working_time": {
            "average": 17866.0,
            "min": 0.0,
            "max": 43404.0
        }
    }
}