{
    "machine_id": "Low Capacity Cutting Machine 1",
    "month": "2024-07",
    "KPIs": {
        "average_cycle_time": {
            "average": 0.0,
            "min": 0.0,
            "max": 0.0
        },
        "bad_cycles": {
            "average": 0.0,
            "min": 0.0,
            "max": 0.0
        },
        "consumption": {
            "average": 0.0019116691432329292,
            "min": 0.0,
            "max": 0.3952570221195083
        },
        "consumption_idle": {
            "average": 1.699696440311938e-06,
            "min": 0.0,
            "max": 0.00019987778008748652
        },
        "consumption_working": {
            "average": 0.004114381445748305,
            "min": 0.0,
            "max": 0.042211939842382334
        },
        "cost": {
            "average": 0.001169554931109486,
            "min": 0.0,
            "max": 0.040665313768726376
        },
        "cost_idle": {
            "average": 0.0006129085973862553,
            "min": 0.0,
            "max": 0.001
        },
        "cost_working": {
            "average": 0.004193446282659535,
            "min": 0.0,
            "max": 0.024872840931751655
        },
        "cycles": {
            "average": 0.0,
            "min": 0.0,
            "max": 3.0
        },
        "good_cycles": {
            "average": 0.03225806451612903,
            "min": 0.0,
            "max": 3.0
        },
        "idle_time": {
            "average": 0.0,
            "min": 0.0,
            "max": 0.0
        },
        "offline_time": {
            "average": 0.0,
            "min": 0.0,
            "max": 0.0
        },
        "power": {
            "average": 0.0034138719345918997,
            "min": 0.0,
            "max": 0.06178819885243778
        },
        "working_time": {
            "average": 0.0,
            "min": 0.0,
            "max": 0.0
        }
    }
}