{
    "machine_id": "Assembly Machine 1",
    "month": "2024-08",
    "KPIs": {
        "average_cycle_time": {
            "average": 0.8325402945504963,
            "min": 0.0,
            "max": 7.418198038708886
        },
        "bad_cycles": {
            "average": 0.0,
            "min": 0.0,
            "max": 0.0
        },
        "consumption": {
            "average": 0.00021485845530540225,
            "min": 0.0,
            "max": 0.00931598304563942
        },
        "consumption_idle": {
            "average": 0.00019808799646824145,
            "min": 0.0,
            "max": 0.001
        },
        "consumption_working": {
            "average": 0.0002331527410544885,
            "min": 0.0,
            "max": 0.001
        },
        "cost": {
            "average": 0.0003218724781189334,
            "min": 0.0,
            "max": 0.16271771896292203
        },
        "cost_idle": {
            "average": 0.0016537475702456323,
            "min": 0.0,
            "max": 0.16271771896292203
        },
        "cost_working": {
            "average": 0.00029163215510256746,
            "min": 0.0,
            "max": 0.001
        },
        "cycles": {
            "average": 0.2903225806451613,
            "min": 0.0,
            "max": 1983.0
        },
        "good_cycles": {
            "average": 234.7741935483871,
            "min": 0.0,
            "max": 1983.0
        },
        "idle_time": {
            "average": 4175.258064516129,
            "min": 0.0,
            "max": 67960.0
        },
        "offline_time": {
            "average": 83.87096774193549,
            "min": 0.0,
            "max": 997.0
        },
        "power": {
            "average": 0.00010724377509634333,
            "min": 0.0,
            "max": 0.010003120747282377
        },
        "working_time": {
            "average": 7331.096774193548,
            "min": 0.0,
            "max": 55190.0
        }
    }
}