{
    "machine_id": "Assembly Machine 1",
    "month": "2024-06",
    "KPIs": {
        "average_cycle_time": {
            "average": 0.0,
            "min": 0.0,
            "max": 0.0
        },
        "bad_cycles": {
            "average": 0.0,
            "min": 0.0,
            "max": 0.0
        },
        "consumption": {
            "average": 0.00018183083161893432,
            "min": 0.0,
            "max": 0.013029487962228872
        },
        "consumption_idle": {
            "average": 0.00021344323847912732,
            "min": 0.0,
            "max": 0.0009421366878533113
        },
        "consumption_working": {
            "average": 8.923231095822062e-06,
            "min": 0.0,
            "max": 0.0019637765336237203
        },
        "cost": {
            "average": 0.0002697456469950008,
            "min": 0.0,
            "max": 0.006576885583343559
        },
        "cost_idle": {
            "average": 0.00014272009351436069,
            "min": 0.0,
            "max": 0.001
        },
        "cost_working": {
            "average": 0.0001,
            "min": 0.0,
            "max": 0.001
        },
        "cycles": {
            "average": 0.26666666666666666,
            "min": 0.0,
            "max": 1511.0
        },
        "good_cycles": {
            "average": 256.6,
            "min": 0.0,
            "max": 1511.0
        },
        "idle_time": {
            "average": 0.0,
            "min": 0.0,
            "max": 0.0
        },
        "offline_time": {
            "average": 0.0,
            "min": 0.0,
            "max": 0.0
        },
        "power": {
            "average": 0.0001276671605396752,
            "min": 0.0,
            "max": 0.07371163214728783
        },
        "working_time": {
            "average": 0.0,
            "min": 0.0,
            "max": 0.0
        }
    }
}