{
    "machine_id": "Laser Cutter",
    "month": "2024-08",
    "KPIs": {
        "average_cycle_time": {
            "average": 2.2709974849072885,
            "min": 0.0,
            "max": 11.69872319578865
        },
        "bad_cycles": {
            "average": 0.1935483870967742,
            "min": 0.0,
            "max": 12.0
        },
        "consumption": {
            "average": 0.0,
            "min": 0.0,
            "max": 0.0
        },
        "consumption_idle": {
            "average": 0.0,
            "min": 0.0,
            "max": 0.0
        },
        "consumption_working": {
            "average": 0.0,
            "min": 0.0,
            "max": 0.0
        },
        "cost": {
            "average": 0.0,
            "min": 0.0,
            "max": 0.0
        },
        "cost_idle": {
            "average": 0.0,
            "min": 0.0,
            "max": 0.0
        },
        "cost_working": {
            "average": 0.0,
            "min": 0.0,
            "max": 0.0
        },
        "cycles": {
            "average": 0.3225806451612903,
            "min": 0.0,
            "max": 1059.0
        },
        "good_cycles": {
            "average": 79.51612903225806,
            "min": 0.0,
            "max": 1059.0
        },
        "idle_time": {
            "average": 1134.3548387096773,
            "min": 0.0,
            "max": 10138.0
        },
        "offline_time": {
            "average": 137.7741935483871,
            "min": 0.0,
            "max": 1106.0
        },
        "power": {
            "average": 5.977788548203566e-05,
            "min": 0.0,
            "max": 0.0004538853008954419
        },
        "working_time": {
            "average": 10313.129032258064,
            "min": 0.0,
            "max": 107790.0
        }
    }
}