{
    "machine_id": "Laser Cutter",
    "month": "2024-05",
    "KPIs": {
        "average_cycle_time": {
            "average": 0.0,
            "min": 0.0,
            "max": 0.0
        },
        "bad_cycles": {
            "average": 0.45161290322580644,
            "min": 0.0,
            "max": 45.0
        },
        "consumption": {
            "average": 1.671464265511482e-07,
            "min": 0.0,
            "max": 5.138643395401351e-05
        },
        "consumption_idle": {
            "average": 1.671464265511482e-07,
            "min": 0.0,
            "max": 5.138643395401351e-05
        },
        "consumption_working": {
            "average": 0.0,
            "min": 0.0,
            "max": 0.0
        },
        "cost": {
            "average": 2.7659703040555513e-08,
            "min": 0.0,
            "max": 0.0
        },
        "cost_idle": {
            "average": 0.0,
            "min": 0.0,
            "max": 0.0
        },
        "cost_working": {
            "average": 0.0,
            "min": 0.0,
            "max": 0.0
        },
        "cycles": {
            "average": 0.8064516129032258,
            "min": 0.0,
            "max": 909.0
        },
        "good_cycles": {
            "average": 225.67741935483872,
            "min": 0.0,
            "max": 909.0
        },
        "idle_time": {
            "average": 0.0,
            "min": 0.0,
            "max": 0.0
        },
        "offline_time": {
            "average": 0.0,
            "min": 0.0,
            "max": 0.0
        },
        "power": {
            "average": 8.87444202430113e-05,
            "min": 0.0,
            "max": 0.0020581410442037326
        },
        "working_time": {
            "average": 0.0,
            "min": 0.0,
            "max": 0.0
        }
    }
}