{
    "machine_id": "Laser Cutter",
    "month": "2024-10",
    "KPIs": {
        "average_cycle_time": {
            "average": 9.919286405999747,
            "min": 0.0,
            "max": 19.543651736143786
        },
        "bad_cycles": {
            "average": 0.9473684210526315,
            "min": 0.0,
            "max": 34.0
        },
        "consumption": {
            "average": 0.0,
            "min": 0.0,
            "max": 0.0
        },
        "consumption_idle": {
            "average": 0.0,
            "min": 0.0,
            "max": 0.0
        },
        "consumption_working": {
            "average": 0.0,
            "min": 0.0,
            "max": 0.0
        },
        "cost": {
            "average": 0.0,
            "min": 0.0,
            "max": 0.0
        },
        "cost_idle": {
            "average": 0.0,
            "min": 0.0,
            "max": 0.0
        },
        "cost_working": {
            "average": 0.0,
            "min": 0.0,
            "max": 0.0
        },
        "cycles": {
            "average": 0.8421052631578947,
            "min": 0.0,
            "max": 886.0
        },
        "good_cycles": {
            "average": 322.7368421052632,
            "min": 0.0,
            "max": 886.0
        },
        "idle_time": {
            "average": 10702.263157894737,
            "min": 0.0,
            "max": 31182.0
        },
        "offline_time": {
            "average": 286.7368421052632,
            "min": 0.0,
            "max": 1567.0
        },
        "power": {
            "average": 0.00014785704013622804,
            "min": 0.0,
            "max": 0.0003113487123429594
        },
        "working_time": {
            "average": 62300.26315789474,
            "min": 0.0,
            "max": 147623.0
        }
    }
}