{
    "machine_id": "Laser Cutter",
    "month": "2024-07",
    "KPIs": {
        "average_cycle_time": {
            "average": 0.0,
            "min": 0.0,
            "max": 0.0
        },
        "bad_cycles": {
            "average": 0.25806451612903225,
            "min": 0.0,
            "max": 31.0
        },
        "consumption": {
            "average": 8.999786636973125e-09,
            "min": 0.0,
            "max": 4.916654142511307e-06
        },
        "consumption_idle": {
            "average": 6.677166366977787e-09,
            "min": 0.0,
            "max": 3.0774180521528524e-06
        },
        "consumption_working": {
            "average": 1.1047611186453004e-08,
            "min": 0.0,
            "max": 4.916654142511307e-06
        },
        "cost": {
            "average": 3.2259518186732426e-05,
            "min": 0.0,
            "max": 0.002
        },
        "cost_idle": {
            "average": 3.2259518186732426e-05,
            "min": 0.0,
            "max": 0.001
        },
        "cost_working": {
            "average": 3.2258064516129034e-05,
            "min": 0.0,
            "max": 0.001
        },
        "cycles": {
            "average": 0.6451612903225806,
            "min": 0.0,
            "max": 1608.0
        },
        "good_cycles": {
            "average": 369.3225806451613,
            "min": 0.0,
            "max": 1608.0
        },
        "idle_time": {
            "average": 0.0,
            "min": 0.0,
            "max": 0.0
        },
        "offline_time": {
            "average": 0.0,
            "min": 0.0,
            "max": 0.0
        },
        "power": {
            "average": 0.0001189688456527304,
            "min": 0.0,
            "max": 0.000360770618259919
        },
        "working_time": {
            "average": 0.0,
            "min": 0.0,
            "max": 0.0
        }
    }
}