{
    "machine_id": "Laser Cutter",
    "month": "2024-09",
    "KPIs": {
        "average_cycle_time": {
            "average": 7.2308644119868255,
            "min": 0.0,
            "max": 15.359448841167676
        },
        "bad_cycles": {
            "average": 0.43333333333333335,
            "min": 0.0,
            "max": 20.0
        },
        "consumption": {
            "average": 3.533512640229074e-05,
            "min": 0.0,
            "max": 0.002
        },
        "consumption_idle": {
            "average": 3.533512640229074e-05,
            "min": 0.0,
            "max": 0.001
        },
        "consumption_working": {
            "average": 3.3333333333333335e-05,
            "min": 0.0,
            "max": 0.001
        },
        "cost": {
            "average": 3.400391294454861e-05,
            "min": 0.0,
            "max": 0.002
        },
        "cost_idle": {
            "average": 3.400391294454861e-05,
            "min": 0.0,
            "max": 0.001
        },
        "cost_working": {
            "average": 3.3333333333333335e-05,
            "min": 0.0,
            "max": 0.001
        },
        "cycles": {
            "average": 0.7666666666666667,
            "min": 0.0,
            "max": 1021.0
        },
        "good_cycles": {
            "average": 205.0,
            "min": 0.0,
            "max": 1021.0
        },
        "idle_time": {
            "average": 8896.266666666666,
            "min": 0.0,
            "max": 36425.0
        },
        "offline_time": {
            "average": 499.6333333333333,
            "min": 0.0,
            "max": 2016.0
        },
        "power": {
            "average": 0.00012210303605737226,
            "min": 0.0,
            "max": 0.028892302554169205
        },
        "working_time": {
            "average": 43089.73333333333,
            "min": 0.0,
            "max": 128641.0
        }
    }
}