{
    "machine_id": "Medium Capacity Cutting Machine 3",
    "month": "2024-06",
    "KPIs": {
        "average_cycle_time": {
            "average": 0.0,
            "min": 0.0,
            "max": 0.0
        },
        "bad_cycles": {
            "average": 0.0,
            "min": 0.0,
            "max": 0.0
        },
        "consumption": {
            "average": 0.00032664077320615573,
            "min": 0.0,
            "max": 0.03323334716031672
        },
        "consumption_idle": {
            "average": 0.00031067478937177594,
            "min": 0.0,
            "max": 0.003837771022660501
        },
        "consumption_working": {
            "average": 0.0006062846289632182,
            "min": 0.0,
            "max": 0.00732315527963308
        },
        "cost": {
            "average": 0.0006734163379788217,
            "min": 0.0,
            "max": 0.010582524565986594
        },
        "cost_idle": {
            "average": 0.0020907537440811846,
            "min": 0.0,
            "max": 0.0011913483878736334
        },
        "cost_working": {
            "average": 0.0014478594133229899,
            "min": 0.0,
            "max": 0.0038150420055616916
        },
        "cycles": {
            "average": 0.26666666666666666,
            "min": 0.0,
            "max": 830.0
        },
        "good_cycles": {
            "average": 24.066666666666666,
            "min": 0.0,
            "max": 830.0
        },
        "idle_time": {
            "average": 0.0,
            "min": 0.0,
            "max": 0.0
        },
        "offline_time": {
            "average": 0.0,
            "min": 0.0,
            "max": 0.0
        },
        "power": {
            "average": 0.0009237810534372282,
            "min": 0.0,
            "max": 0.017695978909966107
        },
        "working_time": {
            "average": 0.0,
            "min": 0.0,
            "max": 0.0
        }
    }
}