{
    "machine_id": "Medium Capacity Cutting Machine 3",
    "month": "2024-08",
    "KPIs": {
        "average_cycle_time": {
            "average": 0.12286324559813513,
            "min": 0.0,
            "max": 2.8803705391573096
        },
        "bad_cycles": {
            "average": 0.0,
            "min": 0.0,
            "max": 0.0
        },
        "consumption": {
            "average": 7.883272707154043e-05,
            "min": 0.0,
            "max": 0.01906320558655697
        },
        "consumption_idle": {
            "average": 9.21025501123496e-05,
            "min": 0.0,
            "max": 0.002445309219203884
        },
        "consumption_working": {
            "average": 7.34948140402549e-05,
            "min": 0.0,
            "max": 0.0023878862935703487
        },
        "cost": {
            "average": 0.00012903225806451613,
            "min": 0.0,
            "max": 0.004214411256966557
        },
        "cost_idle": {
            "average": 0.00012903225806451613,
            "min": 0.0,
            "max": 0.001
        },
        "cost_working": {
            "average": 0.00012903225806451613,
            "min": 0.0,
            "max": 0.0016459884552144795
        },
        "cycles": {
            "average": 0.12903225806451613,
            "min": 0.0,
            "max": 1772.0
        },
        "good_cycles": {
            "average": 12.129032258064516,
            "min": 0.0,
            "max": 1772.0
        },
        "idle_time": {
            "average": 138.6451612903226,
            "min": 0.0,
            "max": 4298.0
        },
        "offline_time": {
            "average": 32.87096774193548,
            "min": 0.0,
            "max": 1019.0
        },
        "power": {
            "average": 0.00012197455269366377,
            "min": 0.0,
            "max": 0.012004708437089388
        },
        "working_time": {
            "average": 6.032258064516129,
            "min": 0.0,
            "max": 187.0
        }
    }
}