{
    "machine_id": "Medium Capacity Cutting Machine 3",
    "month": "2024-07",
    "KPIs": {
        "average_cycle_time": {
            "average": 0.0,
            "min": 0.0,
            "max": 0.0
        },
        "bad_cycles": {
            "average": 0.0,
            "min": 0.0,
            "max": 0.0
        },
        "consumption": {
            "average": 0.0008971213532242069,
            "min": 0.0,
            "max": 0.07383218452242275
        },
        "consumption_idle": {
            "average": 0.0002324781379685928,
            "min": 0.0,
            "max": 0.002844806012003465
        },
        "consumption_working": {
            "average": 0.0017985305878572997,
            "min": 0.0,
            "max": 0.008315971672482766
        },
        "cost": {
            "average": 0.0008696055387403509,
            "min": 0.0,
            "max": 0.032557263078210705
        },
        "cost_idle": {
            "average": 0.0007096774193548386,
            "min": 0.0,
            "max": 0.001911190948707489
        },
        "cost_working": {
            "average": 0.000900798056934312,
            "min": 0.0,
            "max": 0.0035735891502733487
        },
        "cycles": {
            "average": 0.6774193548387096,
            "min": 0.0,
            "max": 3125.0
        },
        "good_cycles": {
            "average": 387.80645161290323,
            "min": 0.0,
            "max": 3125.0
        },
        "idle_time": {
            "average": 0.0,
            "min": 0.0,
            "max": 0.0
        },
        "offline_time": {
            "average": 0.0,
            "min": 0.0,
            "max": 0.0
        },
        "power": {
            "average": 0.001639386619832742,
            "min": 0.0,
            "max": 0.019034889322735844
        },
        "working_time": {
            "average": 0.0,
            "min": 0.0,
            "max": 0.0
        }
    }
}